Sample,SBS288A,SBS288B,SBS288C,SBS288D,SBS288E,SBS288F,SBS288G,SBS288H,SBS288I,SBS288J,SBS288K,SBS288L,SBS288M,SBS288N,SBS288O,SBS288P,SBS288Q,SBS288R,SBS288S,SBS288T,DBS78A,DBS78B,DBS78C,DBS78D,ID83A,ID83B,ID83C,ID83D,ID83E,ID83F,ID83G,ID83H,SV32A,SV32B,SV32C,SV32D,SV32E,SV32F,SV32G,SV32H,SV32I,SV32J
PD37727a,0,0,5450,3529,1963,0,4942,2929,0,0,0,2676,0,0,8476,0,0,0,0,0,54,0,0,0,1269,707,0,0,0,0,0,0,0,249,72,0,0,0,181,142,122,0
PD37728a,0,1052,0,1375,623,0,0,0,0,0,0,0,0,0,0,0,0,0,0,0,0,0,0,0,0,268,0,0,0,0,0,0,73,0,0,54,0,42,0,63,37,0
PD37729a,3286,2004,0,0,0,0,0,0,0,0,0,0,0,0,0,5377,0,0,0,0,0,17,15,0,0,331,0,0,0,0,0,371,90,0,25,0,0,0,0,0,0,0
PD37730a,855,493,0,0,0,0,0,0,0,0,0,0,0,0,0,0,1121,0,0,0,0,26,17,0,0,197,0,0,0,209,0,0,63,0,0,0,30,0,0,0,0,0
PD37731a,11245,2949,0,0,0,0,0,0,0,2637,0,0,0,0,0,0,0,0,0,0,0,22,0,0,0,204,219,0,0,0,0,0,24,0,0,0,0,0,0,20,0,0
PD37733a,1349,701,0,1292,0,0,0,1472,0,0,0,2241,0,0,928,0,0,0,0,0,0,29,0,0,164,433,0,0,0,0,0,0,70,0,116,0,0,0,0,31,0,0
PD37734a,0,275,0,539,331,0,0,0,976,0,0,0,0,0,0,0,0,0,0,0,0,0,0,0,0,104,0,0,0,0,0,0,35,0,0,0,25,18,0,0,23,0
PD37735a,0,815,0,1022,1061,0,0,0,0,0,0,0,0,0,0,0,0,0,0,0,0,0,0,0,0,220,0,0,0,0,0,0,34,17,0,0,0,0,0,0,27,0
PD37737a,1598,0,0,2441,0,0,0,0,0,0,0,0,0,0,0,0,0,0,0,0,0,0,0,0,204,200,0,160,0,0,0,0,132,34,0,41,0,0,0,0,0,0
PD37738a,0,0,1693,864,881,0,0,0,1876,0,0,0,0,0,0,0,0,0,0,0,0,0,0,0,0,152,0,0,0,0,0,0,87,0,0,0,0,0,0,0,0,0
PD37739a,0,0,1989,908,985,0,0,0,0,0,0,0,0,0,0,0,0,0,0,0,0,0,0,0,0,131,0,0,0,0,0,0,77,107,0,41,58,0,50,0,0,0
PD37740a,4492,5031,0,0,0,0,0,0,0,0,0,0,0,0,1164,0,0,0,0,0,0,14,14,0,0,267,0,0,0,0,0,0,76,0,0,0,38,0,0,0,0,0
PD37741a,1666,791,0,905,0,0,0,0,0,0,0,0,0,0,0,0,0,0,0,0,18,0,0,0,119,99,0,0,0,0,0,0,45,20,32,28,0,0,0,0,0,0
PD37742a,0,0,1682,845,635,0,0,0,0,0,0,0,0,0,559,0,0,0,0,0,0,0,0,0,0,99,0,0,0,0,0,0,93,89,0,37,0,0,0,0,0,0
PD37743a,1366,549,0,0,0,0,0,837,0,0,0,0,0,0,0,0,0,0,0,0,0,13,0,0,0,100,0,138,0,0,0,0,64,0,0,27,0,0,0,0,0,0
PD37745a,507,285,0,712,774,0,0,633,0,0,0,0,0,0,0,0,0,0,0,0,0,0,0,0,0,178,0,0,0,0,0,0,70,0,0,36,0,0,0,0,0,0
PD37746a,0,436,0,715,449,0,0,0,0,0,0,0,0,0,0,0,0,0,0,0,0,0,12,0,0,76,0,0,0,0,0,0,36,0,19,27,0,0,0,0,0,0
PD37747a,0,0,0,0,0,0,0,0,0,0,0,0,0,0,0,0,0,0,0,0,0,0,12,0,110,94,0,0,0,78,0,0,99,0,29,36,0,0,0,0,0,0
PD37748a,0,498,0,1009,690,0,0,0,0,0,0,0,0,0,0,0,0,0,0,0,0,0,0,0,168,109,0,0,0,0,0,0,73,16,0,0,0,0,0,0,0,0
PD37749a,1075,690,0,4266,1167,0,0,0,0,0,0,0,0,0,864,0,0,0,0,0,0,0,15,0,266,356,0,0,0,0,0,0,36,0,0,0,34,0,0,0,0,0
PD37751a,0,0,4303,0,1913,0,0,0,0,0,0,1232,0,0,0,0,0,0,0,1788,0,0,0,0,0,230,0,0,0,0,0,0,64,0,47,0,0,37,40,0,0,0
PD37752a,0,0,0,0,482,0,0,0,0,0,0,0,0,0,0,0,0,0,0,0,0,12,12,0,0,172,0,0,0,0,0,0,49,0,0,0,0,0,0,0,0,0
PD37753a,0,490,2281,0,0,0,0,0,0,0,0,0,0,0,794,0,0,0,0,0,0,0,0,19,250,115,0,0,0,0,0,0,83,53,48,0,0,0,56,37,0,0
PD37754a,0,677,0,1674,998,0,0,0,0,0,0,0,0,0,0,0,0,0,0,0,21,0,0,0,0,250,0,0,0,0,0,0,151,83,0,0,0,0,0,0,0,0
PD37756a,761,870,0,0,0,0,0,0,0,0,0,0,0,0,0,0,1390,0,0,0,0,0,19,0,78,204,0,0,0,282,0,0,45,0,0,0,0,0,0,0,0,0
PD37757a,1503,2276,0,1517,1990,0,0,0,0,0,0,0,0,0,0,0,0,0,0,0,0,0,12,0,626,266,588,0,0,0,0,0,64,0,0,0,0,0,0,48,0,0
PD39480a,2365,907,3100,0,863,0,0,0,0,0,0,0,0,0,0,0,0,0,0,0,0,0,0,0,0,101,0,143,0,0,0,0,98,73,35,93,0,0,0,0,0,0
PD39481a,624,839,0,1135,727,0,0,0,0,0,0,0,0,0,0,0,0,0,0,0,0,0,0,0,0,333,0,0,0,0,0,0,119,0,0,52,0,0,0,0,0,0
PD39482a,1873,662,0,0,842,0,2099,0,0,1196,0,0,0,0,0,0,0,0,0,783,0,0,0,0,140,129,0,180,0,0,0,0,117,48,0,56,0,0,0,0,0,0
PD39483a,935,0,0,0,623,0,0,0,0,0,0,0,0,0,0,0,0,0,0,0,0,0,0,0,0,102,0,0,0,0,0,0,48,34,46,32,0,0,38,0,0,0
PD39484a,0,0,4040,0,1106,0,0,0,0,0,0,0,0,0,1528,1765,0,0,0,0,0,12,0,0,449,407,427,0,0,0,0,192,49,0,0,0,0,23,0,19,0,0
PD39485a,0,0,0,0,962,0,0,1731,0,0,0,0,0,0,458,0,0,0,0,0,0,0,21,0,0,303,394,0,0,0,0,0,148,29,0,46,0,0,0,0,0,0
PD39486a,887,0,0,835,0,0,0,0,0,0,0,0,0,0,0,0,0,0,0,0,0,0,0,0,0,40,0,0,0,0,0,0,29,0,0,0,0,0,0,0,0,0
PD39487a,615,323,0,469,316,0,0,0,0,0,0,0,0,0,0,0,0,0,0,0,0,0,0,0,0,39,0,0,0,0,0,0,41,0,0,0,0,21,0,0,0,0
PD39488a,2037,2663,4328,0,2128,0,0,0,0,0,0,0,0,0,0,0,0,0,0,0,0,0,0,29,256,347,572,0,0,0,0,0,101,0,37,34,0,0,0,27,0,0
PD39489a,1931,1656,0,0,1264,0,0,2942,0,0,0,0,0,0,0,0,0,0,0,0,19,0,0,0,209,417,0,0,0,0,0,0,90,0,0,0,0,0,0,0,0,0
PD39490a,0,658,0,1488,1746,0,0,0,0,0,0,0,0,0,0,0,0,0,0,0,0,0,0,0,0,340,351,0,0,0,0,0,81,0,38,0,0,0,0,29,0,0
PD39491a,8339,2141,0,0,0,0,0,0,0,0,0,0,0,0,2252,2403,0,0,0,0,0,0,0,33,245,263,0,0,0,0,0,425,77,0,0,0,0,0,0,0,0,0
PD39492a,0,0,1789,1077,921,0,0,0,0,0,0,0,0,0,0,0,0,0,0,0,0,0,0,0,0,138,194,0,0,0,0,0,84,80,0,0,0,0,0,0,0,0
PD39493a,0,0,0,3767,0,0,0,0,0,0,9544,0,0,0,0,0,0,46998,0,0,16,0,0,0,35338,2412,0,0,0,0,0,0,81,0,0,0,0,0,0,0,0,45
PD39494a,0,853,0,1259,1006,0,0,0,0,0,0,0,0,0,0,0,1164,0,0,925,0,0,24,0,243,457,0,0,0,174,0,0,116,0,0,40,0,33,0,0,0,0
PD39495a,0,446,0,911,387,0,0,0,0,0,0,0,0,0,0,0,817,0,0,0,0,0,15,0,0,232,0,0,0,103,0,0,95,0,0,0,0,40,0,0,0,0
PD39496a,919,0,2548,0,1226,0,0,0,0,0,0,0,0,0,0,0,0,0,0,0,0,0,0,0,0,147,319,0,0,0,0,0,3,0,0,0,0,0,0,0,0,0
PD39497a,0,392,2558,0,682,0,0,0,0,0,0,0,0,0,0,0,0,0,0,0,0,0,0,0,0,148,0,0,0,0,0,0,81,0,62,0,61,0,0,39,0,0
PD39499a,1343,518,0,0,631,0,0,0,0,0,0,0,0,0,0,0,0,0,0,0,26,0,0,0,235,252,0,0,0,0,0,0,87,54,0,0,0,0,0,0,0,0
PD39500a,11629,6866,9451,0,2315,0,0,0,0,0,0,0,0,0,0,0,0,0,0,0,0,20,0,31,0,281,357,0,0,0,0,0,100,61,0,65,0,0,0,0,0,0
PD39501a,0,0,0,0,917,0,0,1613,0,0,0,0,0,0,0,0,0,0,0,3886,0,19,15,0,0,328,0,0,0,207,0,0,66,0,23,0,0,0,0,45,0,0
PD39502a,0,0,0,0,919,0,0,0,1800,0,0,0,0,0,0,0,0,0,0,0,23,0,0,0,256,171,0,0,0,0,0,0,100,0,0,0,0,0,0,0,62,0
PD39505a,0,0,2318,1869,705,0,0,0,0,0,0,0,0,0,0,0,0,0,0,0,0,0,0,0,0,89,0,0,0,0,0,0,47,0,0,32,0,25,0,0,0,0
PD39506a,0,0,820,595,284,0,0,0,0,0,0,0,0,0,0,0,0,0,0,0,0,0,0,0,0,67,0,0,0,0,0,0,56,20,0,0,0,0,30,0,0,0
PD39507a,2218,1393,0,1047,0,0,0,1225,0,0,0,0,0,0,0,0,0,0,0,0,0,0,0,0,0,132,0,0,0,0,0,0,24,0,0,0,0,40,0,0,0,0
PD39508a,0,1337,4012,1972,1060,0,2715,0,0,0,0,0,0,0,0,0,0,0,0,0,26,0,0,0,0,291,0,0,0,0,0,0,137,41,43,0,0,0,0,0,0,0
PD39510a,459,319,0,569,378,0,0,0,0,0,0,0,0,0,0,0,0,0,0,0,0,0,0,0,0,84,0,0,106,0,0,0,52,24,0,0,0,70,0,39,0,0
PD39511a,0,0,0,982,688,0,0,0,0,0,0,0,0,0,0,0,0,0,0,0,0,0,0,0,0,292,236,0,0,0,0,0,61,0,0,0,0,0,0,0,0,54
PD39512a,1558,2503,2869,0,848,0,0,0,0,0,0,0,0,0,0,0,0,0,0,0,0,0,0,0,0,117,0,0,0,0,0,0,70,18,0,40,0,0,0,0,0,0
PD39514a,0,811,0,0,1091,0,0,0,0,0,0,0,0,0,617,0,0,0,0,0,0,0,0,0,227,112,281,0,0,0,0,0,129,0,76,54,45,0,0,0,0,0
PD39515a,782,552,2192,0,0,0,0,0,0,0,0,0,0,0,0,0,0,0,0,0,0,13,0,0,0,183,0,0,0,0,0,0,29,0,0,55,0,0,0,0,0,0
PD39517a,349,0,0,536,354,0,0,0,0,0,0,0,0,0,0,0,0,0,0,0,8,0,0,0,0,71,0,0,0,0,0,0,57,0,0,29,0,0,0,0,0,0
PD39518a,0,0,2637,1222,899,0,0,0,0,0,0,0,0,0,0,0,0,0,0,0,0,0,0,0,0,152,0,0,0,0,0,0,68,0,0,0,47,0,0,29,0,0
PD39519a,0,0,3518,1495,0,0,0,0,4311,0,0,0,0,1591,0,0,0,0,0,0,0,45,0,0,167,270,0,452,0,0,0,0,62,22,0,0,39,0,0,0,0,74
PD39520a,3585,2361,2674,0,1641,0,0,0,0,0,0,0,0,0,0,0,0,0,0,0,0,0,0,0,0,191,0,0,0,0,0,0,82,0,50,0,0,0,0,0,37,0
PD39521a,0,0,0,0,602,0,0,0,0,0,0,0,1202,0,0,0,0,0,0,0,0,0,0,0,175,210,0,0,0,0,0,0,40,20,0,0,0,0,0,0,0,0
PD39522a,0,0,1918,0,694,1967,0,0,0,0,0,0,0,0,0,0,0,0,0,0,38,0,0,0,0,144,0,151,87,0,0,0,95,20,0,46,0,0,0,0,0,0
PD39523a,2703,4168,0,0,2338,0,0,0,0,0,0,0,0,0,1286,0,0,0,0,0,0,18,0,0,0,219,429,0,0,0,0,0,32,0,0,0,0,0,0,0,0,0
PD39955a,0,549,1822,0,2257,0,0,0,0,0,0,0,0,0,0,0,0,0,0,0,0,0,0,14,0,172,482,0,0,0,0,0,20,0,0,0,0,25,46,0,0,0
PD39957a,0,830,4123,1756,1186,0,0,0,0,0,0,1933,0,0,0,0,0,0,0,0,0,14,0,0,0,316,0,0,0,0,0,0,202,119,81,0,0,0,0,0,0,0
PD39958a,0,564,3543,1739,1291,0,2328,0,0,0,0,0,0,0,0,0,0,0,0,0,0,30,15,0,0,165,0,0,0,0,0,0,54,0,0,0,0,26,0,0,0,0
PD39959a,0,0,0,0,692,0,0,0,0,0,0,0,0,0,5194,0,0,0,0,0,0,0,0,0,96,70,0,0,0,0,0,0,69,0,39,0,0,0,0,75,82,0
PD39960a,0,864,0,1925,1355,0,0,0,0,0,0,0,0,0,0,0,0,0,0,0,0,13,0,0,154,211,226,0,0,0,0,0,108,0,0,0,0,0,0,0,0,0
PD39961a,0,446,0,1273,847,0,0,0,0,0,0,0,0,0,0,0,0,0,0,0,0,9,0,0,0,147,0,0,0,0,0,0,65,0,0,52,0,0,0,0,0,0
PD39962a,2429,2062,0,0,1846,0,0,0,0,0,0,0,0,0,0,0,0,0,0,0,0,0,0,0,387,157,308,0,0,0,0,0,0,0,22,27,0,0,0,0,0,33
PD39963a,2508,2043,6751,1894,3010,0,0,0,0,0,0,0,0,0,0,0,0,0,0,0,54,0,0,0,0,273,880,0,114,0,0,0,91,0,102,0,45,0,0,39,0,0
PD39964a,1709,0,4419,0,1689,2816,0,0,0,0,0,0,0,0,0,0,0,0,0,0,42,20,0,0,0,150,398,193,162,0,0,0,0,49,58,70,0,0,109,71,0,383
PD39965a,0,1407,0,2093,0,0,4370,0,0,0,0,0,0,0,0,0,0,0,0,0,79,0,0,0,0,400,0,473,0,0,0,0,75,54,0,47,0,0,0,78,0,0
PD39966a,5990,3681,0,0,1734,0,0,0,0,0,0,0,0,0,0,0,0,0,0,0,0,0,0,0,0,215,0,0,0,0,0,0,60,0,0,0,33,0,0,0,0,0
PD39967a,8426,7718,0,0,1374,0,0,0,0,0,0,0,0,0,0,0,0,0,0,0,0,23,0,21,0,191,0,0,0,0,0,0,27,0,74,0,0,31,0,0,0,0
PD39969a,18953,5553,0,0,0,0,0,0,0,6051,0,3702,0,0,0,0,0,0,0,0,0,23,0,77,0,246,0,192,0,0,0,0,48,0,0,0,0,23,0,0,0,0
PD39970a,0,580,0,0,1895,0,0,0,0,0,0,0,0,0,0,0,0,0,0,0,0,12,0,0,0,373,0,0,0,0,0,0,85,22,0,0,0,0,0,0,46,0
PD39971a,0,855,0,1031,1382,0,0,0,0,0,0,0,0,0,0,0,0,0,0,0,0,0,0,0,242,158,0,0,0,0,0,0,59,42,36,49,0,44,85,0,0,0
PD39972a,1285,914,2837,0,1993,0,0,0,0,0,0,2324,0,0,0,0,0,0,0,0,0,0,0,0,0,396,586,0,0,0,0,0,41,24,0,0,0,0,39,0,0,0
PD39973a,0,1263,0,1069,1404,0,0,0,0,0,0,0,0,0,0,0,0,0,0,0,0,0,0,0,0,172,0,0,0,0,0,0,14,0,0,0,0,0,0,0,0,0
PD39974a,2077,853,0,0,1829,0,0,0,0,0,0,2122,0,0,0,0,0,0,0,0,27,0,0,0,323,113,377,0,106,0,0,0,37,0,0,55,0,191,0,0,0,0
PD39975a,0,696,0,913,1381,0,0,1171,0,0,0,0,0,0,0,0,0,0,0,0,0,0,0,0,0,186,209,0,0,0,0,0,46,0,35,0,63,35,0,0,0,0
PD39976a,0,647,2271,1380,1932,0,1845,1166,0,0,0,1186,0,0,0,0,0,0,0,0,29,16,0,0,182,264,392,0,104,0,0,0,97,0,43,0,0,40,0,0,0,0
PD39977a,0,0,0,948,840,0,0,823,0,0,0,0,0,0,437,0,0,0,0,0,15,0,0,0,0,124,186,0,0,0,0,0,14,0,0,0,0,0,0,13,0,0
PD39978a,0,0,0,1279,840,0,0,0,0,0,0,1445,0,0,0,0,0,0,0,0,20,14,0,0,0,192,0,0,0,0,0,0,0,45,0,54,0,0,0,0,0,0
PD39979a,1137,0,0,0,1856,0,0,0,0,0,0,1653,0,0,0,0,0,0,0,0,0,12,0,0,0,314,0,0,0,0,0,0,36,0,36,0,0,0,0,0,0,0
PD39981a,1101,1176,3971,2132,933,0,0,0,0,0,0,0,0,0,0,0,0,0,0,0,32,0,0,0,0,159,0,0,0,0,0,0,59,61,58,43,0,0,0,0,0,0
PD39983a,0,0,0,821,415,0,0,0,0,0,0,603,0,0,0,0,0,0,0,0,0,0,0,0,0,40,0,0,0,0,0,0,27,0,0,29,0,0,0,0,0,0
PD39984a,5523,2050,4282,1806,1924,0,0,0,0,0,0,0,0,0,0,0,0,0,0,0,0,12,0,0,0,180,208,0,0,0,0,0,49,41,50,0,0,0,58,29,0,0
PD39985a,1843,2244,0,1603,1089,0,0,1876,0,0,0,0,0,0,0,0,0,0,0,0,0,0,0,0,0,653,0,0,0,0,0,0,116,53,0,0,0,0,0,0,0,0
PD39987a,671,0,2133,1059,1232,0,0,0,0,0,0,1875,0,0,0,0,0,0,0,0,22,12,0,0,0,209,584,0,0,0,0,0,49,0,39,0,0,0,0,0,24,0
PD39988a,0,1367,0,6024,0,0,0,0,0,0,0,0,0,0,1172,0,0,0,0,0,27,19,0,0,379,491,0,0,0,0,0,0,90,45,0,40,0,0,46,0,0,0
PD39989a,1762,1685,0,4591,1529,0,0,0,0,0,0,0,0,0,891,0,0,0,0,0,0,34,0,0,0,329,0,0,0,0,0,0,88,157,0,61,0,0,0,0,0,0
PD39990a,3215,2844,0,0,2051,0,0,0,0,1739,0,0,0,0,0,0,0,0,0,0,0,0,0,21,0,475,0,0,0,0,0,0,38,0,0,0,0,0,0,0,0,0
PD39991a,1458,1190,0,934,860,0,1543,0,0,0,0,1136,0,0,0,0,0,0,0,0,0,0,0,0,0,246,0,0,0,0,0,0,27,0,0,0,0,0,0,0,17,0
PD39992a,0,0,0,2477,911,0,0,0,0,0,0,1511,0,0,0,0,0,0,0,0,0,0,0,0,0,201,0,0,0,0,0,0,51,0,20,0,0,0,0,0,21,0
PD39993a,0,0,0,0,639,2775,0,0,0,0,0,0,0,0,0,0,0,0,0,0,0,32,0,0,0,0,0,236,141,0,0,0,47,29,22,0,0,0,0,25,0,0
PD39994a,1956,2434,0,0,1830,0,0,7929,0,0,0,2166,0,0,0,0,0,0,0,0,24,0,0,0,0,556,0,0,0,0,0,0,57,32,32,0,0,0,0,0,0,108
PD39996a,0,1607,0,1490,2912,0,2811,0,0,0,0,0,0,0,0,0,0,0,0,0,0,0,0,0,0,525,729,0,0,0,0,0,132,0,0,0,46,0,68,0,0,0
PD39998a,1674,1540,0,1244,949,0,0,0,0,762,0,0,0,0,0,0,0,0,0,0,0,0,0,0,0,76,0,0,0,0,0,0,38,0,0,0,21,0,0,0,22,0
PD39999a,1062,454,0,0,1230,0,0,1080,0,0,0,1630,0,0,0,0,0,0,0,0,0,0,0,0,0,142,283,0,0,0,0,0,38,86,119,63,0,44,56,0,0,0
PD40000a,0,0,0,0,6465,0,0,0,0,0,14488,4895,0,0,0,0,0,2212,0,0,0,0,0,0,33043,1572,0,0,0,0,0,0,12,0,15,0,0,0,0,0,0,0
PD40001a,0,1442,4562,0,1746,0,0,0,0,0,0,0,0,0,0,0,0,0,0,0,23,0,0,0,0,210,510,0,0,0,0,0,78,0,0,0,0,0,0,0,0,0
PD40004a,0,0,0,1261,1313,0,0,0,0,0,0,0,0,0,3873,1532,0,0,0,0,0,15,0,0,352,88,0,0,0,0,0,262,20,17,69,0,0,0,0,0,27,0
PD40006a,0,824,2807,2846,2019,0,0,0,0,0,0,0,0,0,0,0,0,0,0,0,44,18,0,0,0,433,585,0,0,0,0,0,56,0,0,0,0,0,0,0,0,0
PD40007a,4727,2259,0,1573,0,0,0,0,0,1505,0,0,0,0,0,0,0,0,0,0,0,0,0,0,0,211,0,0,0,0,0,0,0,0,0,0,0,2,0,0,0,0
PD40009a,4029,0,0,0,0,5516,0,0,0,0,0,0,0,0,0,0,0,0,0,0,62,32,20,0,0,268,0,0,1177,0,0,0,66,0,33,0,0,121,0,0,0,0
PD40010a,673,0,0,0,861,0,1397,0,0,0,0,0,0,0,0,0,0,0,0,0,0,0,0,0,0,65,0,0,0,0,0,0,37,0,0,0,26,0,0,0,0,0
PD40011a,0,0,0,821,0,0,0,0,0,0,0,722,0,0,0,0,0,0,0,0,0,14,0,0,0,131,0,0,0,0,0,0,28,0,22,0,43,0,0,0,0,0
PD40012a,1645,2974,0,1907,1645,0,0,0,0,0,0,0,0,0,0,0,0,0,0,0,21,0,0,0,0,341,0,0,0,0,0,0,83,167,0,59,0,0,0,0,0,0
PD40013a,0,0,3222,1243,1226,0,0,0,0,0,0,0,0,0,0,0,0,0,0,0,35,0,0,0,0,352,615,0,0,0,0,0,37,0,26,42,0,0,0,33,25,0
PD40015a,0,1060,3433,1418,1780,0,0,1252,0,0,0,0,0,0,0,0,0,0,0,0,0,0,0,0,0,592,560,0,0,0,0,0,40,0,29,27,28,0,36,0,0,0
PD40017a,0,0,0,1271,947,0,0,0,0,0,0,0,0,0,0,0,0,0,0,0,0,0,0,0,442,533,0,0,0,0,0,0,31,0,0,30,0,0,87,0,0,0
PD40018a,0,0,0,0,0,0,0,0,0,0,0,3166,0,0,0,0,0,0,0,0,0,0,13,0,0,319,0,237,0,0,0,0,67,0,0,32,0,0,0,0,0,0
PD40019a,0,681,2658,1080,2245,0,0,0,0,0,0,0,0,0,0,0,0,0,0,0,0,0,15,0,0,330,458,0,0,0,0,0,39,0,28,0,0,0,41,0,0,56
PD40020a,1231,912,0,2200,1452,0,0,0,0,0,0,0,0,0,0,0,0,0,0,0,0,0,0,0,0,119,185,0,0,0,0,0,80,21,37,0,32,0,0,0,0,0
PD40021a,0,0,1822,0,1010,0,0,0,0,0,0,1968,0,0,0,0,0,0,0,0,30,0,0,0,0,194,0,287,0,0,0,0,46,0,33,0,0,0,0,0,48,0
PD40023a,11135,0,0,0,0,9444,0,0,0,3005,0,0,0,0,0,0,0,0,0,0,49,47,0,52,154,0,0,223,1674,0,0,0,79,0,0,0,0,161,0,63,0,0
PD40024a,0,0,0,234,0,0,0,0,0,0,0,0,0,0,0,0,0,0,0,0,0,0,0,0,0,42,0,0,0,0,0,0,27,0,0,0,39,0,0,0,0,0
PD40025a,1647,0,3741,0,0,4468,2386,0,0,0,0,0,0,0,0,0,0,0,0,0,0,72,0,0,133,0,0,419,242,0,0,0,43,0,34,0,0,0,0,99,0,0
PD40026a,0,0,3397,2482,1156,0,0,0,3140,0,0,0,0,2424,0,0,0,0,0,0,0,55,0,0,179,258,0,522,0,0,0,0,252,41,45,0,0,0,0,0,65,0
PD40027a,2556,1152,4987,0,0,0,0,0,0,0,0,0,0,0,0,0,0,0,0,0,0,22,21,0,0,165,0,186,149,0,0,0,3,0,0,0,0,0,0,0,0,0
PD40028a,0,1133,0,2986,1161,0,0,2911,0,0,0,0,0,0,0,0,0,0,0,0,0,0,0,0,0,538,0,0,0,0,0,0,164,94,0,0,0,0,0,0,0,0
PD40030a,1455,1333,0,2127,1285,0,0,1733,0,964,0,0,0,0,0,0,0,0,0,0,0,0,0,0,0,312,228,0,0,0,0,0,48,0,78,0,0,32,0,0,0,0
PD40031a,0,0,0,0,5072,0,0,0,0,0,31928,0,0,0,0,0,0,2913,0,0,0,0,0,0,45721,3329,0,0,0,0,0,0,25,0,0,0,0,0,0,0,0,0
PD40032a,2158,671,0,0,893,0,0,1154,0,0,0,1544,0,0,0,0,0,0,0,0,0,0,0,0,0,468,0,0,0,0,0,0,76,0,33,0,0,0,0,0,26,0
PD40033a,0,0,3150,0,0,0,0,0,0,0,0,0,0,0,0,0,0,0,835,0,0,21,31,0,0,615,0,0,0,0,0,0,173,40,0,0,0,52,0,0,0,0
PD40035a,1423,625,0,0,555,0,0,0,0,0,0,0,0,0,0,0,0,0,0,0,0,0,0,0,94,114,0,0,0,0,0,0,41,0,0,0,0,0,0,0,0,0
PD40037a,992,686,0,1983,0,0,0,1425,0,0,0,0,0,0,700,0,0,0,0,0,0,0,15,0,0,126,0,0,0,0,0,0,108,40,0,0,0,0,0,0,0,0
PD40038a,0,1333,0,2328,0,0,0,0,0,0,0,0,0,0,0,0,950,0,0,0,0,0,15,0,0,345,0,0,0,0,0,0,41,0,0,44,0,0,0,0,41,69
PD40039a,0,0,0,0,0,0,0,0,0,0,0,0,0,0,0,0,0,486,0,0,0,20,0,0,284,373,0,0,0,0,0,0,38,0,22,23,0,0,0,0,0,0
PD40040a,0,444,0,656,727,0,0,0,0,0,0,0,0,0,0,0,0,0,0,0,26,0,0,0,174,166,0,0,134,0,0,0,83,0,0,0,0,73,0,0,0,0
PD40041a,0,0,0,0,733,0,0,0,0,0,0,0,0,0,0,0,652,0,0,0,0,0,0,0,131,115,0,0,0,85,0,0,65,0,0,0,0,0,0,0,0,0
PD40316a,0,0,0,0,662,0,0,0,0,0,0,0,0,0,0,0,0,0,0,0,20,0,0,0,0,287,0,0,98,0,0,0,0,0,0,62,0,168,0,157,0,0
PD40317a,0,0,0,0,232,0,0,0,0,0,0,0,0,0,0,0,0,0,0,0,0,0,0,0,0,54,0,0,0,0,0,0,12,0,0,24,23,0,0,0,0,0
PD40318a,0,1063,5228,2716,2101,0,0,0,0,0,0,0,0,0,0,0,0,0,0,0,0,15,0,0,0,703,616,0,0,0,0,0,97,20,0,0,0,0,0,0,0,0
PD40319a,1398,0,6013,0,938,0,0,0,0,0,0,2068,0,0,0,0,0,0,0,0,38,19,0,0,0,75,0,154,0,0,0,0,132,0,77,0,0,0,78,48,0,0
PD40320a,4094,2673,0,3216,2665,0,4209,0,0,0,0,2859,0,0,0,0,0,0,0,0,29,0,0,0,611,442,0,0,0,0,0,0,24,0,41,0,0,26,0,17,0,0
PD40321a,1794,2146,0,2016,1475,0,0,0,0,1067,0,0,0,0,0,0,0,0,0,0,0,0,0,0,0,280,0,0,0,0,0,0,21,0,37,0,0,19,0,0,0,0
PD40322a,0,0,1383,0,1349,1216,0,0,0,0,0,0,0,0,0,0,0,0,0,0,0,0,0,0,125,140,0,0,0,0,0,0,57,0,0,0,0,0,0,0,0,0
PD40323a,573,587,0,1070,580,0,0,0,0,0,0,0,0,0,0,0,0,0,0,0,0,0,0,0,0,70,0,0,0,0,0,0,42,0,25,37,0,0,0,0,0,0
PD40324a,4701,1539,0,0,0,0,0,0,0,0,0,0,0,0,873,0,0,0,0,0,0,0,0,0,0,40,0,0,0,0,0,0,0,0,0,15,0,0,0,0,0,0
PD40325a,0,542,0,0,1770,0,0,909,0,0,0,1233,0,0,1335,1228,0,0,685,0,0,0,0,0,459,522,0,0,0,0,0,0,71,0,43,0,0,0,0,73,139,0
PD40326a,1141,614,0,1454,818,2124,0,0,0,0,0,0,0,0,0,0,0,0,0,0,0,0,0,0,0,133,0,0,0,0,0,0,33,53,0,0,38,0,42,0,56,0
PD40327a,1019,0,3351,0,2507,0,0,0,0,0,0,0,0,0,0,0,0,0,0,0,36,0,0,0,0,569,0,0,0,0,0,0,64,0,0,29,0,0,0,0,0,46
PD40328a,5145,3753,0,0,0,0,0,0,0,2001,0,0,0,0,0,0,0,0,0,0,0,0,0,21,0,0,0,150,0,0,0,0,0,0,44,0,0,0,0,37,27,0
PD40329a,0,780,0,1913,1439,0,0,0,0,0,0,0,0,0,0,0,0,0,0,0,0,0,0,0,0,413,0,0,0,0,0,0,37,0,0,0,0,0,0,0,0,0
PD40330a,921,1063,2674,1536,1121,0,0,0,0,0,0,0,0,0,0,0,0,0,0,0,0,0,0,0,201,205,408,0,0,0,0,0,93,0,0,0,0,0,0,0,0,0
PD40331a,1551,963,0,2702,0,3758,0,1985,0,1234,0,0,0,0,0,0,0,0,0,0,92,0,25,0,0,429,0,328,0,0,0,0,63,32,0,0,37,0,0,0,0,0
PD40332a,7262,3108,0,0,0,0,0,0,0,0,0,0,0,0,1596,0,0,0,0,0,0,0,0,26,175,103,0,176,0,0,0,0,27,28,60,0,0,0,0,40,0,0
PD40333a,1864,1178,0,720,1400,0,0,0,0,941,0,0,0,0,0,0,0,0,0,0,0,0,0,0,0,167,195,0,0,0,0,0,25,0,0,0,0,0,0,0,0,0
PD40334a,686,621,0,1087,681,0,0,0,0,0,0,0,0,0,0,0,0,0,0,0,0,0,0,0,0,105,180,0,0,0,0,0,0,0,52,31,0,0,0,0,0,0
PD40335a,1806,874,0,0,731,0,0,0,0,0,0,2728,0,1695,0,0,0,0,0,675,0,16,0,0,0,273,0,0,0,0,0,0,15,0,0,0,0,0,0,0,0,0
PD40336a,1044,0,5073,0,1883,0,0,0,0,0,0,0,0,0,0,0,0,0,0,0,27,0,0,0,386,583,636,0,0,0,0,0,143,143,0,0,0,0,0,0,0,0
PD40337a,0,0,1662,0,1114,0,0,0,0,0,0,0,0,0,425,0,0,0,0,0,0,0,0,0,0,265,399,0,0,0,0,0,84,26,0,37,36,0,0,0,0,0
PD40338a,927,599,3192,1270,2064,0,0,0,0,0,0,0,0,0,0,0,0,0,0,0,0,0,0,0,299,370,305,0,0,0,0,0,47,0,0,0,0,0,0,0,0,0
PD40339a,7217,4009,0,0,2263,0,0,0,0,0,0,0,0,0,0,0,0,0,0,0,33,0,0,0,0,226,562,0,0,0,0,0,88,20,0,0,0,0,0,0,0,0
PD40340a,1121,1350,3091,0,2203,0,0,0,0,0,0,2685,0,0,0,0,0,0,0,0,47,30,15,0,0,474,558,0,140,0,0,0,45,0,0,0,0,0,0,75,57,0
PD40343a,4464,3056,0,0,1246,0,0,0,0,0,0,0,0,0,0,0,0,0,0,0,0,16,0,22,0,241,0,0,0,0,0,0,27,0,0,0,0,16,0,0,0,0
PD40345a,1334,1168,0,0,2321,0,0,0,0,0,0,0,0,0,0,0,0,0,0,0,0,0,0,0,0,450,434,0,0,0,0,0,25,0,0,0,0,0,0,0,0,63
PD40346a,0,695,0,1058,864,0,0,0,0,0,0,0,0,0,0,0,0,0,0,0,30,0,0,0,0,198,0,0,0,0,0,0,89,0,34,41,0,0,0,80,0,0
PD40348a,1536,896,0,0,1346,0,0,0,0,1266,0,0,0,0,0,0,0,0,0,0,18,0,0,0,290,188,430,0,111,0,0,0,42,36,0,0,34,0,0,0,0,0
PD40349a,1702,1238,0,1886,2380,0,0,0,0,0,0,0,0,0,0,0,0,0,0,0,26,15,0,0,0,295,0,0,0,0,0,0,82,126,0,57,0,0,0,0,0,0
PD40350a,6381,4018,0,0,0,0,0,0,0,0,0,0,0,0,0,0,0,0,0,0,0,0,0,23,0,249,0,0,0,0,0,0,23,0,0,0,30,0,53,0,0,0
PD40351a,710,614,0,0,731,0,0,0,0,0,0,0,0,0,0,0,0,0,0,0,0,0,0,0,0,161,0,0,0,0,0,0,9,0,0,0,12,0,0,0,0,0
PD40352a,5707,3803,0,0,1851,0,0,0,0,2473,0,0,0,0,0,0,0,0,0,0,0,14,0,0,539,655,0,0,0,0,0,0,124,74,0,0,0,0,64,0,59,0
PD40353a,1753,1383,2413,862,1314,0,0,0,0,0,0,0,0,0,0,0,0,0,0,0,0,0,0,0,0,279,263,0,0,0,0,0,14,36,0,0,0,0,0,0,0,0
PD40354a,1009,703,0,1129,944,0,0,0,0,0,0,0,0,0,0,0,0,0,0,0,0,10,0,0,0,241,0,0,0,0,0,0,38,0,0,25,0,0,0,0,0,0
PD40355a,0,0,3432,1383,763,0,0,0,0,0,0,0,0,0,0,0,0,0,0,0,0,0,0,0,0,144,0,0,0,0,0,0,28,52,26,31,0,0,75,0,0,0
PD40356a,0,768,3431,0,896,0,0,2388,0,0,0,1305,0,0,0,0,0,0,0,0,24,0,0,0,0,264,0,0,0,0,0,0,98,38,0,78,60,0,0,0,0,0
PD40357a,1207,1162,5636,0,2390,0,0,0,0,0,0,0,0,0,0,0,0,0,0,0,0,38,0,0,0,271,636,0,0,0,0,0,18,0,0,0,0,32,51,0,0,0
PD40358a,5102,5696,0,1477,1803,0,0,0,0,2961,0,0,0,0,0,0,0,0,0,0,0,0,0,0,0,424,341,0,0,0,0,0,78,0,44,0,110,0,0,36,0,0
PD40360a,20225,19091,0,0,0,0,0,0,0,5318,0,0,0,0,0,0,0,0,0,0,0,35,0,67,0,618,0,0,0,0,0,0,265,234,111,0,0,0,0,0,59,0
PD40847a,0,1213,3046,1669,1367,0,0,0,0,0,0,0,0,0,0,0,0,0,0,0,21,14,0,0,0,410,0,0,0,0,0,0,90,32,0,47,0,35,0,0,0,0
PD40848a,0,1853,2474,3908,1778,0,0,1693,0,0,0,0,0,0,0,0,0,0,0,0,0,0,0,0,0,592,958,0,0,0,0,0,152,61,56,0,0,0,0,0,0,0
PD40849a,0,0,0,988,772,0,0,0,0,0,0,0,0,0,0,0,0,0,0,0,8,0,0,0,0,101,0,0,0,0,0,0,47,0,0,58,0,0,0,0,0,0
PD40850a,4266,2493,0,0,1273,4818,0,0,0,1854,0,0,0,0,0,0,0,0,0,0,0,0,0,0,0,225,0,0,0,0,0,0,83,0,0,30,39,0,0,0,32,0
PD40852a,1497,1308,0,1517,1199,0,0,1523,0,0,0,0,0,0,0,0,0,0,0,0,0,0,10,0,0,631,284,0,0,0,0,0,0,30,35,0,108,0,144,0,0,98
PD40853a,5551,3759,0,2487,0,0,0,0,0,2702,0,0,0,0,0,0,0,0,0,0,46,45,0,40,693,425,0,546,0,0,0,0,43,0,39,38,0,33,0,45,0,0
PD40854a,2374,0,5117,0,1702,0,0,0,0,0,0,1912,0,0,1875,0,0,0,0,0,0,20,13,0,549,130,0,0,0,0,0,0,122,131,0,90,60,0,0,0,0,0
PD40855a,0,293,0,869,650,0,0,0,0,0,0,0,0,0,0,0,0,0,0,0,0,0,0,0,0,86,0,0,0,0,0,0,15,0,35,0,22,0,0,0,0,0
PD40856a,3231,4290,7475,4917,2094,0,0,0,0,0,0,0,0,0,0,0,0,0,0,0,0,28,0,0,0,760,0,0,0,0,0,0,67,135,0,0,0,0,0,0,0,0
PD40857a,2516,1696,0,1520,1960,0,0,0,0,0,0,0,0,0,0,0,0,0,0,0,0,0,0,0,0,447,0,0,0,0,0,0,39,0,0,0,0,23,0,0,0,0
PD40858a,659,759,0,1276,816,0,0,0,0,0,0,0,0,0,0,0,0,0,0,0,0,0,0,0,422,558,0,0,0,0,0,0,104,20,0,0,0,35,0,0,55,0
PD40859a,0,0,4189,3005,1808,0,0,0,0,0,0,0,0,0,0,0,0,0,0,0,35,0,0,0,0,325,595,0,0,0,0,0,83,78,46,50,0,0,0,0,0,0
PD40861a,843,0,1911,0,528,0,1108,0,0,0,0,0,0,0,0,0,0,0,0,0,0,0,0,0,0,65,0,64,0,0,0,0,20,0,0,27,0,0,0,0,0,0
PD40862a,0,553,0,2048,698,0,0,0,0,0,0,0,0,0,0,0,0,0,0,0,0,0,0,0,128,134,0,0,0,0,0,0,191,34,0,0,61,0,0,0,0,0
PD40863a,0,384,0,1285,734,0,0,0,0,0,0,0,0,0,0,0,0,0,0,0,0,0,0,0,0,489,387,0,0,0,0,0,50,0,0,48,0,0,0,0,0,0
PD40864a,0,724,0,818,2152,0,0,1563,0,0,0,0,0,0,0,0,0,0,0,0,0,0,0,0,0,253,683,0,0,0,0,0,104,0,0,38,0,0,47,0,0,0
PD40865a,1151,761,0,1130,492,0,0,1555,0,0,0,1019,0,0,0,0,0,0,0,0,0,0,0,0,0,329,0,0,0,0,0,0,35,0,0,0,0,0,0,39,0,0
PD40866a,0,0,2402,967,0,0,0,0,0,0,0,0,0,0,402,0,0,0,0,0,0,0,0,0,112,136,0,0,0,0,0,0,35,0,23,71,32,0,0,0,0,0
PD40867a,8540,3807,0,3171,1822,0,0,0,0,0,0,2895,0,0,0,0,0,0,0,0,0,44,20,0,793,523,0,0,0,0,0,0,157,0,33,0,0,0,0,0,0,0
PD40868a,890,0,0,1435,827,0,0,0,0,0,0,0,0,0,0,0,0,0,0,0,0,12,0,0,0,204,102,177,0,0,0,0,22,0,0,0,0,0,0,0,0,0
PD40869a,0,0,0,0,0,0,1590,0,0,0,0,0,0,0,0,0,1130,0,0,0,0,0,23,0,0,435,0,0,134,0,0,0,187,79,46,0,0,0,0,0,0,0
PD41420a,0,2019,0,1883,1091,0,1744,0,0,0,0,1077,0,0,0,0,0,0,0,0,0,0,0,0,0,326,0,0,0,0,0,0,36,0,0,34,31,0,0,0,0,65
PD41421a,0,0,0,0,747,0,0,0,0,0,0,798,0,0,0,0,0,0,0,0,0,0,0,0,0,281,0,0,0,0,0,0,79,0,0,0,0,0,0,0,63,0
PD41423a,0,0,1184,0,556,0,0,0,0,0,0,1034,0,0,0,0,0,0,0,0,29,30,0,0,0,183,0,297,155,0,0,0,45,0,0,0,0,0,0,0,139,0
PD41424a,1611,833,0,932,1174,0,0,0,0,0,0,0,0,0,0,0,0,0,0,0,0,0,0,0,0,158,0,0,0,0,0,0,80,0,0,0,0,26,0,0,0,0
PD41425a,1421,826,0,948,906,0,0,0,0,0,0,0,0,0,0,0,0,0,0,0,0,0,0,0,0,191,0,0,0,0,0,0,64,24,0,0,0,0,0,0,0,0
PD41426a,4070,3479,5885,0,2546,0,0,0,0,0,0,0,0,0,0,0,0,1424,0,2151,0,0,13,30,3340,1579,0,0,0,0,0,0,103,0,0,0,0,0,0,0,0,0
PD41427a,1826,1187,3012,1453,1686,0,0,0,0,0,0,0,0,0,0,0,0,0,0,0,0,18,0,0,0,345,690,0,0,0,0,0,118,161,0,67,0,0,0,0,0,0
PD41428a,1119,0,0,0,1070,0,0,0,0,0,0,2034,0,0,0,0,0,0,0,0,0,0,0,0,0,336,0,0,0,0,0,170,147,102,98,0,82,0,0,0,0,97
PD41429a,868,1498,0,0,1207,0,0,0,0,0,0,0,0,0,0,0,0,0,0,0,0,0,0,0,0,102,253,121,0,0,0,0,26,0,0,27,0,0,0,0,0,51
PD41430a,1660,404,1531,555,481,0,0,0,0,0,0,0,0,0,0,0,0,0,0,0,0,0,0,0,0,68,0,0,0,0,0,0,20,0,0,0,0,13,0,0,0,0
PD41431a,0,1005,0,916,1234,0,0,1026,0,0,0,0,0,0,0,0,0,0,0,643,22,0,0,0,0,468,0,0,0,0,0,0,108,69,31,0,0,36,0,0,0,0
PD41432a,0,0,0,0,588,0,0,0,0,0,0,0,0,2527,0,0,0,0,0,0,0,13,0,0,0,169,0,0,0,0,0,0,66,0,37,0,0,0,0,0,0,0
PD41433a,1796,0,2267,0,888,0,0,0,0,0,0,1321,0,0,0,0,0,0,0,0,0,0,0,0,0,327,0,0,0,0,0,0,69,24,30,64,0,0,0,0,0,0
PD41434a,2906,2850,0,0,1548,0,0,0,0,0,0,0,0,0,0,0,0,0,0,0,0,0,0,0,0,485,448,0,0,0,0,0,62,61,0,0,0,0,76,0,0,122
PD41435a,0,961,0,1250,1245,0,0,0,0,0,0,0,0,3005,0,0,0,0,0,0,0,18,0,0,0,332,0,306,0,0,0,0,93,70,0,0,0,0,0,0,0,0
PD41437a,0,822,3315,983,1159,0,0,0,0,0,0,0,0,1431,0,0,0,0,0,0,31,0,0,0,242,241,0,0,0,0,0,0,77,0,0,0,0,0,0,0,0,0
PD41438a,1132,0,0,0,976,0,0,0,0,0,0,0,0,0,0,0,0,0,0,0,19,0,0,0,0,198,0,0,0,0,0,0,78,0,0,0,0,0,42,0,0,0
PD41439a,577,0,0,0,285,0,1002,0,0,0,0,0,0,0,0,0,0,0,0,0,0,0,0,0,0,77,0,0,0,0,0,0,26,0,0,20,0,0,0,0,0,0
PD41440a,0,307,0,1402,1087,0,0,748,0,0,0,618,0,0,0,0,0,0,0,0,0,0,0,0,0,263,0,0,0,0,0,0,32,0,0,0,0,0,0,0,0,0
PD41441a,1302,1818,0,0,1022,0,0,0,0,0,0,0,0,0,0,0,0,0,0,0,0,0,12,0,433,552,0,0,0,0,0,0,75,35,0,0,0,26,0,0,0,0
PD41443a,12750,2564,11847,0,0,0,0,0,0,0,0,0,0,0,0,0,0,0,0,0,0,0,0,32,0,147,301,240,92,0,0,0,0,0,212,0,0,84,0,0,0,0
PD41444a,3657,2430,0,0,1452,0,0,0,0,0,0,0,0,0,10117,4955,0,0,0,0,26,0,0,0,289,178,0,0,0,0,0,439,80,50,0,0,0,0,0,42,33,0
PD41445a,5685,1798,4602,0,1142,0,0,0,0,0,0,0,0,0,0,2147,0,0,0,0,0,0,0,0,0,154,0,0,235,0,0,123,105,0,42,75,0,57,0,0,0,0
PD41446a,2865,912,0,832,1004,0,0,0,0,0,0,0,0,0,0,0,0,0,0,0,0,0,0,0,0,99,0,0,0,0,0,0,71,26,0,44,0,0,0,0,0,0
PD41447a,1699,776,0,1391,722,0,0,0,0,0,0,0,0,0,562,0,0,0,0,0,0,0,0,0,130,207,0,0,0,0,0,0,38,70,0,43,0,0,70,0,44,64
PD41448a,1052,475,0,0,0,0,0,0,0,0,0,0,0,0,0,0,0,0,0,0,0,0,0,0,0,60,0,0,0,0,0,0,24,0,0,0,0,0,0,0,0,0
PD41449a,1107,1063,0,1713,936,0,0,0,0,0,0,0,0,0,0,0,0,0,0,0,0,11,0,0,0,182,0,171,0,0,0,0,106,36,0,44,0,0,0,0,0,0
PD41450a,751,801,0,3687,1400,0,0,947,0,0,0,963,0,0,0,0,0,0,0,0,0,0,0,0,0,591,0,0,0,0,0,0,25,0,0,20,0,0,0,22,0,0
PD41452a,0,0,0,3138,0,0,0,0,5360,0,2310,0,0,1754,0,0,0,0,0,0,0,70,0,0,202,323,0,414,0,0,0,0,67,0,0,0,0,0,36,0,0,0
PD41453a,2909,715,3087,0,887,0,0,0,0,0,0,0,0,0,0,0,0,0,0,0,0,0,0,0,198,93,0,0,0,0,0,0,35,0,0,0,0,25,0,0,0,31
PD41454a,1247,790,3589,2172,1486,0,3167,0,0,0,0,0,0,0,0,0,0,0,0,0,31,23,0,0,0,385,0,0,0,0,0,0,239,442,0,0,0,0,0,0,0,0
PD41455a,0,0,5577,0,1428,0,0,0,0,0,0,0,0,4123,0,0,0,0,0,0,0,21,0,0,0,330,0,293,0,0,0,0,26,0,25,0,41,0,101,0,0,0
PD41456a,0,615,2181,1791,902,0,0,0,0,0,0,0,0,0,0,0,0,0,0,0,14,0,0,0,0,212,346,0,0,0,0,0,36,0,46,0,0,0,0,0,0,0
PD41457a,0,866,0,1462,2028,0,0,0,0,0,0,0,0,0,0,0,0,0,0,0,0,0,0,0,0,390,542,0,0,0,0,0,209,89,0,0,0,0,0,0,0,0
PD41458a,684,999,0,971,1305,0,0,0,0,0,0,0,0,0,0,0,0,0,0,0,0,0,0,0,0,171,0,0,0,0,0,0,19,0,0,0,0,0,0,0,0,0
PD41459a,1586,1061,0,1774,1148,0,0,0,0,0,0,0,0,0,0,0,0,0,0,0,0,0,0,0,0,305,273,0,0,0,0,0,27,0,25,0,0,0,0,0,0,0
PD41460a,0,700,0,1282,1177,0,0,0,0,0,0,0,0,0,0,0,0,0,0,0,20,0,0,0,0,405,434,0,0,0,0,0,63,0,0,0,31,0,0,0,0,0
PD41461a,822,0,3007,0,1616,0,0,0,0,0,0,0,0,0,0,0,0,0,0,0,0,12,0,0,159,263,0,0,0,0,0,0,35,0,0,0,25,0,0,0,0,0
PD41462a,809,1140,0,0,677,0,0,0,0,0,0,0,0,0,0,0,0,0,0,0,0,0,0,0,0,97,0,0,0,0,0,0,26,21,22,42,0,0,0,0,0,40
PD41463a,423,0,0,507,236,0,0,0,0,0,0,0,0,0,0,0,0,0,0,0,0,0,0,0,0,55,0,0,0,0,0,0,22,0,0,0,0,0,0,0,0,0
PD41464a,3748,2882,0,1826,1873,0,0,0,0,0,0,0,0,0,0,0,0,0,0,0,32,0,0,0,0,248,506,215,256,0,0,0,80,0,115,0,0,83,0,0,0,0
PD41465a,4227,7899,0,1551,0,0,0,0,0,0,0,0,0,0,0,0,0,0,0,0,0,0,0,20,0,386,0,0,0,0,0,0,48,16,26,0,0,0,0,0,0,0
PD41466a,2259,2748,0,0,1563,0,3577,0,0,0,0,0,0,0,3144,0,0,0,0,0,42,0,0,0,0,253,0,0,123,0,0,0,72,67,64,57,0,0,0,0,0,0
PD41467a,0,878,4102,4483,1514,0,2687,0,0,0,0,0,0,0,0,0,0,0,0,0,45,30,0,0,0,530,0,0,0,0,0,0,177,458,0,95,0,0,0,0,0,0
PD41468a,0,0,2174,1485,766,0,0,0,0,0,0,0,1941,0,0,0,0,0,0,0,0,0,0,0,656,690,0,0,0,0,0,0,114,33,0,0,0,0,0,0,0,0
PD41470a,0,0,2891,1105,1396,0,2193,0,0,0,0,0,0,0,0,0,0,0,0,0,31,18,0,0,0,169,0,0,0,0,0,0,4,0,0,0,0,0,0,0,0,0
PD41471a,0,1153,4084,2678,1671,0,0,0,0,0,0,0,0,0,0,0,0,0,0,0,0,16,0,0,241,343,590,0,0,0,0,0,129,75,0,0,144,0,0,0,0,0
PD41472a,0,721,0,0,1775,0,0,0,0,0,0,0,0,0,1359,0,0,0,0,0,0,14,0,0,178,133,0,0,0,0,0,0,22,0,53,59,0,0,0,0,0,0
PD41473a,1339,1192,3272,0,3197,0,0,0,0,0,0,0,0,0,0,0,0,0,0,0,22,0,0,0,365,131,804,0,0,0,0,0,68,21,0,0,0,0,0,0,0,0
PD41474a,0,12407,8211,0,1994,0,0,0,0,0,0,0,0,0,0,0,0,0,0,0,0,0,0,26,0,284,780,0,0,0,0,0,26,0,23,0,0,21,0,0,0,0
PD41475a,0,1558,3999,2028,2103,0,0,0,0,0,0,0,0,0,0,0,0,0,0,0,0,17,0,0,309,434,783,0,0,0,0,0,54,33,0,0,31,0,0,0,27,0
PD41476a,6174,3899,6468,0,0,0,0,0,0,0,0,0,0,0,0,0,0,0,0,0,34,19,0,0,0,455,0,0,0,0,0,0,80,0,61,0,0,0,0,0,0,0
PD41477a,3108,3279,6168,0,2499,0,0,0,0,0,0,0,0,0,0,0,0,0,0,0,0,0,0,30,0,219,0,168,0,0,0,0,54,0,26,24,0,0,0,0,0,0
PD41478a,0,0,0,2864,0,0,0,0,0,0,0,0,0,0,0,0,0,0,0,0,4,0,0,0,0,258,0,0,0,0,0,0,21,0,0,27,0,0,62,0,0,0
PD41479a,1123,0,2167,1078,0,0,0,0,0,0,0,0,0,0,0,0,0,0,0,0,0,14,0,0,0,96,0,0,0,0,0,0,23,0,21,0,0,0,0,0,0,37
PD41481a,17109,7961,0,0,0,0,0,0,0,8887,0,0,0,0,0,0,0,0,0,0,0,21,0,59,0,106,455,237,0,0,0,0,107,0,46,0,47,50,60,0,0,0
PD41483a,1850,714,3082,1673,0,0,0,0,0,0,0,0,0,0,0,0,0,0,0,0,27,16,0,0,0,143,0,0,0,0,0,0,30,27,69,0,0,0,0,96,68,0
PD41484a,2734,1574,0,1231,993,0,0,0,0,0,0,0,0,0,1187,0,0,0,0,0,20,0,0,0,0,190,0,0,0,0,0,0,47,50,0,37,0,0,0,0,0,0
PD41485a,8098,5909,5927,0,1467,0,0,0,0,0,0,0,0,0,2989,0,0,0,0,0,0,0,0,38,0,272,369,0,0,0,0,0,71,0,29,34,0,0,0,0,0,0
PD41486a,6793,2793,0,0,1315,0,0,0,0,0,0,0,0,0,1559,0,0,0,0,0,0,18,16,0,0,254,0,0,0,0,0,0,49,161,64,60,0,0,0,0,0,125
PD41487a,0,0,2236,0,1487,0,0,0,0,0,0,0,2105,0,473,0,0,0,0,839,0,0,11,0,364,200,325,0,0,0,0,0,46,0,0,22,0,0,0,0,0,0
PD41488a,0,740,0,1676,2393,0,0,0,0,0,0,0,0,0,0,0,0,0,0,0,0,0,0,0,0,328,726,0,0,0,0,0,76,57,0,42,0,0,0,33,26,0
PD41489a,0,477,0,1419,1730,0,1461,811,0,0,0,1186,0,0,0,0,0,0,0,0,0,0,0,0,0,255,409,0,0,0,0,0,56,20,0,0,0,0,0,0,0,0
PD41490a,0,424,0,1426,1324,0,0,1005,0,0,0,0,0,0,0,0,0,0,0,0,0,0,0,0,0,309,478,0,0,0,0,0,81,40,0,53,0,0,0,0,0,0
PD41491a,1662,802,0,0,1026,0,0,0,0,0,0,0,0,0,0,0,0,0,0,0,0,0,0,0,0,133,0,0,0,0,0,0,33,0,0,0,0,23,0,0,0,0
PD41492a,1309,1533,0,0,1168,0,0,0,0,0,0,0,0,0,0,0,0,0,0,0,18,0,0,0,0,261,0,0,0,0,0,0,96,56,32,0,0,0,0,0,0,0
PD41493a,0,0,5693,0,0,0,21067,0,5849,0,0,0,0,0,0,4107,0,0,2732,0,130,0,62,67,0,0,0,1838,0,0,0,0,243,266,0,0,0,0,0,0,0,0
PD41494a,0,955,0,0,1573,0,0,1312,0,0,0,0,0,0,0,0,0,0,0,0,0,0,0,0,0,311,0,0,0,0,0,0,83,22,0,0,38,0,0,0,0,0
PD41495a,0,1012,0,1373,887,0,1624,0,0,0,0,0,0,0,0,0,0,0,0,0,22,0,0,0,371,255,0,0,0,0,0,0,82,0,29,0,0,0,51,0,0,0
PD41496a,3679,3016,0,0,0,0,0,0,0,0,0,0,0,0,2734,0,0,0,0,0,33,0,0,0,419,441,0,0,0,0,0,0,92,60,27,44,0,0,0,0,0,0
PD41497a,11316,2585,0,0,0,0,0,0,0,4429,0,0,0,0,0,0,0,0,0,0,0,0,0,0,0,58,0,168,0,0,0,0,85,0,0,0,0,0,0,0,0,0
PD41498a,2439,1931,0,0,909,0,0,0,0,0,0,0,0,0,0,0,0,0,0,0,0,0,0,0,0,98,0,0,0,0,0,0,0,23,0,35,0,0,43,0,0,40
PD41499a,0,1138,0,2842,0,0,0,1879,0,0,0,1327,0,0,0,0,0,688,0,0,0,0,16,0,0,698,529,0,0,0,0,0,218,766,0,0,0,0,0,0,0,0
PD41500a,1127,1119,2546,1469,1335,0,0,0,0,0,0,0,0,0,0,0,0,0,0,0,0,0,0,0,0,140,255,0,0,0,0,0,130,179,0,0,0,0,0,0,0,0
PD41502a,464,0,1191,817,352,0,0,0,0,0,0,0,0,1310,0,0,0,0,0,0,0,10,0,0,0,96,0,0,0,0,0,0,52,0,0,0,0,21,0,0,0,0
PD41503a,270,0,0,0,296,0,0,0,0,0,0,0,0,0,0,0,0,0,0,0,0,0,0,0,0,54,0,0,0,0,0,0,34,0,0,21,0,0,0,0,0,0
PD41504a,4040,2872,0,0,3200,0,0,0,0,1733,0,0,0,0,0,0,0,0,0,10916,0,18,0,0,0,434,0,0,0,0,0,0,63,25,0,0,0,0,0,0,0,0
PD41505a,811,0,3414,1859,1231,0,0,0,0,0,0,1722,0,0,0,0,0,0,0,0,0,0,0,0,0,195,0,227,0,0,0,0,74,0,165,0,61,0,0,58,92,0
PD41506a,5481,2090,0,0,0,7306,0,0,5276,2326,0,0,0,0,0,0,0,0,0,0,0,129,0,0,0,0,0,0,2017,0,0,0,172,0,158,0,91,227,0,116,0,0
PD41507a,0,0,2896,0,733,0,0,0,0,0,0,1287,0,0,0,0,0,0,0,0,0,19,0,0,0,423,0,229,0,0,0,0,105,65,54,0,0,49,0,0,101,0
PD41508a,11049,0,0,0,0,0,0,0,0,0,0,0,0,0,0,0,0,0,0,0,36,0,0,0,372,187,0,246,0,0,0,0,39,0,59,0,0,0,0,29,0,0
PD41509a,852,486,2014,1271,0,0,1697,0,0,0,0,1142,0,0,0,0,0,0,0,0,34,0,0,0,0,100,0,0,0,0,0,0,76,0,0,0,0,0,0,0,36,0
PD41510a,4316,1669,0,1213,886,0,0,0,0,0,0,0,0,0,0,0,0,0,0,0,0,0,0,0,0,115,0,105,0,0,0,0,19,0,49,0,24,0,0,0,0,0
PD41511a,1625,0,3757,0,1112,0,0,0,0,0,0,2265,0,0,0,0,0,0,0,0,0,0,13,22,423,0,0,0,0,0,0,0,0,0,0,0,0,0,0,0,0,0
PD41512a,0,1316,3764,3390,1432,0,0,0,0,0,0,0,0,1964,0,0,0,0,0,0,0,0,15,0,0,527,395,0,0,0,0,0,211,97,0,0,0,0,0,0,39,0
PD41700a,1087,925,0,764,788,0,0,0,0,0,0,788,0,0,0,0,0,0,0,0,0,0,0,0,0,163,178,0,0,0,0,0,96,0,0,0,0,0,0,0,0,0
PD41701a,8611,11142,0,0,0,0,0,0,0,3202,0,0,0,0,0,0,0,0,0,0,0,0,0,29,0,511,0,0,0,0,0,0,124,27,0,0,0,0,0,0,0,0
PD41702a,2331,1592,0,1452,801,0,0,0,0,0,0,0,0,0,0,0,0,0,0,0,0,0,0,0,0,184,0,0,0,0,0,0,79,0,26,0,0,0,0,0,0,0
PD41703a,0,462,2242,1286,1488,0,0,0,0,0,0,0,0,0,0,0,771,0,0,0,0,0,17,0,0,295,0,0,0,0,0,0,79,23,0,0,0,0,0,0,0,0
PD41704a,2573,3724,0,0,0,0,0,0,0,0,0,0,0,0,902,0,2596,0,0,0,0,22,60,0,0,252,0,0,0,240,0,0,91,37,0,0,0,0,0,0,0,0
PD41705a,0,0,2465,0,0,0,0,0,0,0,0,0,0,0,0,0,1438,0,0,0,0,0,15,0,0,94,0,0,62,95,0,0,163,107,49,0,79,0,0,0,0,0
PD41706a,0,0,2275,1954,0,0,0,2065,0,0,0,0,0,0,0,0,0,0,0,1551,51,0,0,0,288,899,0,321,0,0,0,0,0,0,0,0,0,0,0,0,0,0
PD41707a,0,0,0,0,0,0,2470,0,0,0,0,0,0,0,0,0,2124,0,0,0,0,0,47,0,226,319,0,0,0,269,0,0,45,0,0,0,0,0,0,0,0,0
PD41709a,0,383,0,922,1059,0,0,933,0,0,0,0,0,0,0,0,835,0,0,0,0,0,16,0,0,288,0,0,164,173,0,0,85,0,0,58,0,53,0,0,0,0
PD41710a,6089,3844,0,0,0,0,0,0,0,1737,0,0,0,0,0,0,3351,0,0,0,0,0,53,0,0,100,131,0,84,245,0,0,23,0,74,0,0,26,0,0,50,0
PD41711a,0,0,2848,0,0,0,0,0,0,0,0,0,0,0,0,0,1567,0,0,631,0,0,29,0,0,63,0,0,0,95,0,0,34,0,21,39,0,0,0,72,0,0
PD41712a,1622,374,0,0,0,0,0,0,0,707,0,0,0,0,0,0,0,0,0,0,0,13,0,0,0,0,0,0,99,0,0,0,93,0,0,0,0,0,0,186,0,0
PD41713a,3526,0,0,0,0,0,0,0,0,0,0,0,0,0,0,0,3294,0,0,0,0,0,55,0,0,134,0,0,86,159,0,0,107,25,100,0,0,0,0,0,0,0
PD41714a,3349,638,0,0,0,0,0,0,0,0,0,0,0,0,0,0,2037,0,0,0,0,0,110,0,0,100,0,0,103,245,0,0,143,105,67,0,0,0,0,0,0,0
PD41715a,0,560,1467,1608,695,0,0,733,0,0,0,0,0,0,0,0,0,0,0,0,17,0,0,0,0,116,143,0,0,0,0,0,116,34,0,0,0,0,0,0,0,191
PD41717a,0,1134,0,1620,0,2523,0,1361,0,0,0,0,0,0,0,0,0,0,0,0,72,0,0,0,0,740,180,0,202,0,0,0,126,48,0,0,0,0,0,89,0,0
PD41718a,1515,697,0,0,0,0,0,0,0,0,0,0,0,0,0,0,0,0,0,0,0,0,0,0,0,81,0,0,0,0,0,0,10,0,0,0,0,0,0,0,0,0
PD41719a,0,1471,0,0,914,0,0,0,0,0,0,0,0,0,0,0,1114,0,0,759,0,0,28,0,0,214,0,0,199,219,0,0,72,47,93,0,0,37,0,0,0,0
PD41720a,0,0,2272,1665,709,0,0,0,0,0,0,0,0,0,0,0,3756,0,0,0,0,0,99,0,0,0,0,0,108,226,0,0,48,0,95,0,0,0,0,37,0,0
PD41722a,0,0,0,0,0,0,0,0,0,0,0,0,0,0,1080,0,3226,0,0,0,0,20,65,0,0,0,0,0,144,342,0,0,83,0,67,0,0,79,0,0,44,0
PD41725a,1156,1571,0,0,0,0,0,0,0,0,0,0,0,0,0,0,1886,0,0,0,0,0,56,0,0,221,0,0,95,238,0,0,147,111,71,0,0,0,0,0,0,0
PD41728a,0,963,0,831,1780,0,0,0,0,0,0,0,0,0,0,0,784,0,0,0,0,0,0,0,160,150,264,0,0,0,0,0,49,0,0,0,0,32,0,0,0,0
PD41729a,0,868,2840,0,696,0,1548,0,0,0,0,0,0,0,0,0,0,0,0,0,0,0,37,0,0,157,124,0,392,0,0,0,101,0,49,0,0,153,0,40,0,0
PD41730a,401,289,1449,0,0,0,0,0,0,0,0,0,0,0,288,0,554,0,0,0,0,0,9,0,0,54,0,0,0,0,0,0,48,0,0,0,0,0,0,0,0,0
PD41731a,315,0,0,0,0,0,0,0,0,0,0,0,0,0,0,0,296,0,0,0,0,0,0,0,0,0,0,0,0,0,0,0,18,0,16,0,0,0,0,0,0,0
PD41734a,3862,1387,0,0,0,0,0,0,0,0,0,0,0,0,0,0,1652,0,0,0,0,0,26,0,0,96,0,0,97,228,0,0,34,0,69,0,0,80,0,49,0,0
PD41737a,0,0,0,754,850,0,1087,0,0,0,0,901,0,0,0,0,0,0,0,0,0,0,0,0,0,178,0,0,0,0,0,0,57,24,0,0,0,0,68,0,26,0
PD41739a,0,0,0,0,0,0,0,0,0,0,0,0,0,0,0,0,926,0,0,0,0,0,9,0,0,0,0,0,0,61,0,0,37,0,33,0,0,0,0,0,0,0
PD41740a,0,731,0,854,0,0,0,0,0,0,0,0,0,0,0,0,1245,0,0,449,0,0,20,0,278,108,0,0,0,101,0,0,45,0,25,0,0,31,0,0,0,0
PD41741a,2233,0,2283,0,0,0,0,0,0,0,0,0,0,0,0,0,1303,0,0,0,0,0,27,0,0,0,0,0,65,83,0,0,120,0,54,0,0,32,0,0,31,0
PD41742a,223,0,0,0,0,0,0,0,0,0,0,0,0,0,0,0,416,0,0,0,0,0,11,0,0,0,0,0,0,0,0,0,52,0,0,0,0,0,0,0,0,0
PD41743a,2317,1568,0,0,0,0,1592,0,0,810,0,0,0,0,0,0,1078,0,0,0,0,0,12,0,0,36,0,0,50,64,0,0,40,24,32,0,0,48,0,0,0,0
PD41744a,773,511,2262,0,827,0,1820,0,0,0,0,0,0,0,0,0,0,0,0,0,0,0,27,0,0,168,0,0,747,0,0,0,105,45,0,0,0,257,0,0,0,0
PD41746a,0,878,2413,0,837,0,0,0,0,0,0,0,0,0,0,0,2473,0,0,0,0,0,15,0,0,395,0,0,0,214,0,0,126,70,34,0,0,0,0,0,0,0
PD41747a,6767,2785,0,0,0,0,0,0,0,0,0,0,0,0,0,0,2368,0,0,0,30,0,26,0,0,135,0,0,0,149,0,0,49,73,0,0,81,0,0,0,77,132
PD41748a,4259,1845,0,0,0,0,0,0,0,0,0,0,0,0,0,0,1884,0,0,0,0,0,29,0,0,0,0,0,0,153,0,0,28,0,44,0,0,0,0,0,27,0
PD41749a,0,656,0,0,0,0,0,0,0,0,0,0,0,0,0,0,1288,0,0,856,0,0,44,0,0,206,0,0,0,0,0,0,173,53,0,44,0,0,0,0,0,0
PD42838a,0,0,2692,0,1195,0,2222,0,0,0,0,1230,0,0,0,0,0,0,663,0,0,0,0,0,0,463,523,0,0,0,0,0,39,0,0,0,0,0,55,0,36,0
PD42839a,3921,6326,0,0,1836,0,0,0,0,0,0,0,0,0,0,0,0,0,0,0,0,0,0,29,0,185,552,0,0,0,0,0,56,0,60,0,38,0,0,0,0,0
PD42840a,2232,2725,0,2494,2000,0,0,0,0,0,0,0,0,0,0,0,0,0,0,0,0,0,0,0,259,690,433,0,0,0,0,0,28,36,0,26,0,0,0,0,0,0
PD42841a,1328,2293,0,0,1411,0,0,0,0,0,0,0,0,0,4949,0,0,0,0,0,0,23,0,0,0,250,516,0,0,0,0,0,83,0,53,0,0,0,0,30,0,0
PD42842a,1697,1541,0,1854,1518,0,0,2515,0,0,0,0,0,0,0,0,0,0,0,0,0,0,0,0,0,414,0,0,0,0,0,0,0,0,0,0,0,0,0,0,0,0
PD42843a,4990,1761,6814,0,2232,0,0,0,0,0,0,0,0,0,0,0,0,0,0,0,43,26,0,0,0,330,0,0,118,0,0,201,71,33,0,45,0,45,0,0,0,0
PD42844a,1952,1006,4176,0,905,0,0,0,0,0,0,0,0,0,3358,0,0,0,802,0,0,0,0,0,0,88,204,176,0,0,0,0,82,0,40,0,0,54,0,0,0,0
PD42845a,699,0,0,1187,1638,0,0,938,0,0,0,1236,0,0,0,0,0,0,0,0,0,0,0,0,0,308,0,0,0,0,0,0,25,0,18,0,0,0,0,0,0,0
PD42846a,0,0,1662,1851,1449,0,0,0,0,0,0,0,0,0,592,0,0,0,0,0,0,0,0,0,146,213,0,0,0,0,0,0,62,0,49,0,0,0,0,0,42,0
PD42847a,1208,0,0,1208,1733,0,0,0,0,0,0,0,0,0,0,0,0,0,0,0,30,20,0,0,0,330,534,0,0,0,0,0,65,36,0,32,31,0,0,0,0,0
PD42848a,0,1386,0,0,0,0,0,0,0,0,0,0,0,0,0,0,0,0,0,3263,0,80,0,0,0,966,0,0,0,0,0,0,133,84,0,0,0,0,0,42,0,0
PD42849a,1422,0,3098,0,1408,0,0,1767,0,0,0,1865,0,0,0,0,0,0,0,0,0,26,0,0,0,242,0,0,0,0,0,0,69,44,0,0,0,0,0,0,0,0
PD42850a,2374,1544,0,2019,1943,0,0,0,0,0,0,0,0,0,0,0,0,0,0,0,0,0,0,0,374,210,767,0,0,0,0,0,80,0,44,49,0,0,0,0,0,0
PD42852a,1911,9072,0,0,0,0,0,2738,0,0,0,0,0,0,0,0,0,0,0,0,0,19,0,22,479,461,498,0,0,0,0,0,31,0,38,0,43,0,0,28,0,0
PD42853a,5597,4964,0,2002,1636,0,0,0,0,0,0,0,0,0,0,0,0,0,0,0,0,0,0,0,0,153,0,0,0,0,0,0,0,0,22,0,32,0,0,24,0,0
PD42854a,25276,0,0,0,0,0,0,0,0,0,0,0,0,0,0,0,0,0,0,0,0,0,0,56,0,0,659,0,90,0,0,0,93,284,50,0,0,62,0,0,0,0
PD42855a,793,1557,0,0,1040,0,2312,0,0,0,0,0,0,0,0,0,0,0,0,0,0,0,23,0,0,109,119,115,69,0,0,0,83,0,0,61,0,0,0,0,0,0
PD42856a,0,0,0,795,598,0,0,0,0,0,0,0,0,0,0,0,0,0,0,0,0,0,0,0,0,108,0,0,0,0,0,0,33,0,0,0,0,0,0,0,0,0
PD42858a,749,881,0,1062,797,0,0,872,0,0,0,0,0,0,0,0,790,0,0,0,0,0,0,0,0,130,0,0,0,110,0,0,90,42,0,64,0,67,0,0,78,0
PD42859a,0,0,651,0,370,0,0,0,0,0,0,0,0,0,0,0,0,0,0,0,0,0,0,0,0,37,33,0,0,0,0,0,34,14,23,0,0,0,0,0,0,0
PD42861a,0,2664,0,1421,1561,0,0,0,0,0,0,0,0,0,0,0,0,0,0,0,0,0,0,0,0,424,475,0,0,0,0,0,47,0,0,19,0,0,0,0,0,0
PD42862a,4887,2015,0,1574,0,0,0,0,0,1991,0,0,0,0,0,0,0,0,0,0,0,13,0,0,246,190,0,198,0,0,0,0,67,0,20,32,0,0,0,0,0,0
PD42863a,0,0,3087,1630,989,0,0,0,0,0,0,1592,0,0,0,0,0,779,0,0,0,39,20,0,286,490,0,238,0,0,0,0,7,0,0,0,0,0,0,0,0,0
PD42864a,4058,1079,0,0,0,3873,0,0,3112,1291,0,0,0,0,0,0,0,0,0,0,0,21,0,0,75,123,0,0,380,0,0,0,61,0,0,0,0,49,0,117,0,0
PD42865a,1157,0,2538,0,1299,0,0,0,0,0,0,0,0,0,0,0,0,0,0,0,0,0,0,0,0,83,250,0,0,0,0,0,83,50,60,48,0,0,0,58,40,0
PD42866a,3569,2107,5935,0,1757,0,0,0,0,0,0,2612,0,0,0,0,0,0,0,0,0,28,0,0,0,265,430,0,169,0,0,0,52,32,66,0,47,61,85,0,0,0
PD42867a,0,321,0,575,1165,0,0,0,0,0,0,0,0,0,0,0,0,0,0,0,0,0,0,0,0,78,217,0,0,0,0,0,43,0,0,0,28,0,0,0,0,0
PD42868a,0,0,0,1808,527,0,0,0,0,0,0,0,0,0,594,0,0,0,0,0,0,0,0,0,0,135,0,0,0,0,0,0,27,0,0,0,0,16,0,18,0,0
PD42869a,0,647,5256,0,2052,0,2956,0,0,0,0,0,0,0,0,0,0,0,0,0,32,19,0,0,0,323,426,0,0,0,0,0,83,0,0,0,42,0,55,0,0,0
PD42870a,0,3496,0,1798,941,0,0,0,0,0,0,0,0,0,0,0,0,0,0,0,0,0,9,0,0,334,366,0,0,0,0,0,72,0,0,0,0,30,0,0,0,0
PD42871a,3045,1764,0,1735,0,0,0,0,0,1198,0,0,0,0,0,0,0,0,0,0,0,26,0,0,0,74,0,117,0,0,0,0,24,16,24,0,0,0,0,0,19,55
PD42872a,772,0,0,853,982,0,0,0,0,0,0,0,0,0,0,0,0,0,0,0,0,0,0,0,0,282,0,0,0,0,0,0,141,0,0,0,0,48,0,0,0,0
PD42873a,0,572,3142,2033,1047,0,0,0,3315,0,0,0,0,0,0,0,0,0,0,0,0,44,0,0,163,480,0,349,0,0,0,0,120,110,0,0,0,0,0,0,0,0
PD43304a,0,556,0,1495,1827,0,2548,0,0,0,0,0,0,0,0,0,0,0,0,0,29,0,0,0,0,238,434,0,0,0,0,0,67,47,0,0,0,0,0,0,0,0
PD43305a,1148,0,0,0,361,0,0,0,0,0,0,0,0,0,0,0,0,0,0,0,0,0,0,0,0,39,0,0,0,0,0,0,14,0,0,22,0,0,0,0,0,0
PD43306a,0,0,4162,1594,2713,0,3404,0,0,0,0,0,0,0,0,0,0,0,0,2594,50,0,0,0,0,820,0,0,0,0,0,0,74,0,0,59,0,0,0,0,0,0
PD43307a,965,1133,0,0,1366,0,0,1371,0,0,0,0,0,0,0,0,0,0,0,0,19,0,0,0,0,238,337,0,0,0,0,0,66,26,50,0,0,0,59,0,0,0
PD43308a,5864,5850,5868,0,0,0,0,0,0,0,0,0,0,0,0,0,0,0,0,0,19,0,0,0,0,336,243,0,386,0,0,0,69,29,91,0,0,80,0,0,0,0
PD43309a,0,0,1676,0,842,0,0,0,0,0,0,0,0,0,1174,0,0,0,0,0,0,0,0,0,171,87,0,0,0,0,0,0,39,81,0,47,0,0,60,0,0,65
PD43310a,0,0,0,1774,4280,0,0,0,0,0,12821,0,0,0,0,0,0,1203,0,0,0,0,0,0,24443,3095,0,0,0,0,0,0,30,0,0,0,0,0,0,0,0,0
PD43311a,4768,3603,0,0,1224,0,0,0,0,1917,0,0,0,0,0,0,0,0,0,0,0,0,0,26,0,320,0,0,0,0,0,0,100,36,58,0,0,0,142,0,0,65
PD43312a,3823,0,4338,0,996,0,0,0,0,0,0,0,0,0,1123,0,0,0,0,0,0,13,0,23,0,67,141,0,0,0,0,76,69,0,129,0,48,0,0,0,48,0
PD43313a,2009,686,0,1019,1380,0,0,959,0,0,0,1103,0,0,0,0,0,0,0,0,0,0,0,0,0,177,0,0,0,0,0,0,53,0,36,35,0,0,65,0,0,0
PD43314a,997,0,1880,1336,1739,0,0,0,0,0,0,995,0,0,0,0,0,0,0,0,0,0,0,0,0,223,535,0,0,0,0,0,35,153,0,0,0,0,0,0,0,0
PD43315a,0,0,0,0,703,0,1469,983,0,0,0,1134,0,0,0,0,0,0,0,0,0,15,0,0,0,230,0,264,0,0,0,0,26,0,0,0,0,0,0,20,0,0
PD43316a,0,471,1998,2207,1122,0,1399,0,0,0,0,0,0,0,0,0,0,0,0,0,0,0,0,0,0,420,148,0,0,0,0,0,88,24,0,43,0,0,0,0,0,0
PD43317a,0,304,0,528,814,0,0,0,0,0,0,0,0,0,0,0,0,0,0,0,0,0,0,0,193,97,0,0,0,0,0,0,23,0,0,0,0,0,0,0,0,0
PD43318a,0,0,3485,3121,815,2644,0,0,0,0,0,0,0,0,0,0,0,0,0,0,50,0,0,0,0,465,0,0,0,0,0,0,62,36,34,0,48,0,58,0,0,55
PD43319a,1034,429,0,0,1043,0,1397,0,0,0,0,880,0,0,0,0,0,0,0,0,0,0,0,0,0,100,182,0,0,0,0,0,93,82,0,0,0,0,0,0,0,51
PD43320a,2022,1312,5003,0,2238,0,0,0,0,0,0,0,0,0,0,0,0,0,0,0,0,0,0,0,0,305,263,0,0,0,0,0,41,28,0,0,0,0,34,0,0,0
PD43321a,2301,1241,0,1447,1016,0,0,0,0,0,0,0,0,0,0,0,0,0,0,0,0,0,0,0,0,193,240,0,0,0,0,0,24,0,16,21,0,0,0,15,0,0
PD43322a,0,745,0,1081,1164,0,0,0,0,0,0,0,0,0,0,0,0,0,0,0,0,0,12,0,0,261,370,0,0,0,0,0,61,0,0,0,0,0,0,0,0,0
PD43323a,1688,1350,0,1654,804,0,0,0,0,0,0,0,0,0,0,0,0,0,0,0,0,0,0,24,0,566,425,0,0,0,0,0,86,0,35,0,0,0,119,0,0,0
PD43324a,0,1444,0,1907,1252,0,0,0,0,0,0,0,0,0,0,0,0,0,0,0,0,0,0,0,0,335,324,0,0,0,0,0,154,0,0,46,0,0,0,0,0,0
PD43326a,1646,656,0,1319,1374,0,0,0,0,0,0,0,0,0,0,0,0,0,0,0,0,0,0,15,0,156,0,0,0,0,0,0,57,38,0,0,45,0,0,0,0,140
PD43327a,741,469,0,1236,1367,0,0,0,0,0,0,0,0,0,0,0,0,0,0,0,0,0,0,0,350,313,0,0,0,0,0,0,56,0,0,0,0,0,65,0,0,0
PD43328a,2022,0,0,0,1254,0,0,0,0,0,0,1622,0,0,0,0,0,0,0,1114,0,0,0,0,0,289,0,0,0,0,0,0,76,40,0,0,0,0,0,0,58,0
PD43329a,0,0,1884,0,945,0,0,0,0,0,0,0,0,0,0,0,0,0,0,0,0,0,0,0,0,101,0,168,0,0,0,0,40,0,0,0,0,20,0,0,0,0
PD43330a,3547,1176,0,1384,938,2611,0,0,0,1310,0,1837,0,0,0,0,0,0,0,0,0,28,0,0,0,282,0,0,0,0,0,0,112,48,0,0,0,0,0,0,0,85
PD43331a,20437,3834,6855,0,0,0,0,0,0,0,0,0,0,0,0,0,0,0,0,0,0,0,0,34,0,114,399,0,200,0,0,0,0,28,0,0,0,64,0,71,47,0
PD43333a,22397,5167,0,0,0,0,0,0,0,0,0,0,0,0,0,0,0,0,0,0,0,0,0,41,0,94,0,169,65,0,0,0,55,0,26,33,0,0,0,47,0,0
PD43334a,1529,0,2642,0,1831,0,0,0,0,0,0,2331,0,0,0,0,0,0,0,0,28,0,0,0,0,523,472,0,0,0,0,0,110,0,37,0,0,0,0,51,87,0
PD43335a,3650,2553,4786,1812,1948,0,0,0,0,0,0,0,0,0,0,0,0,0,0,0,17,0,0,0,576,352,0,0,0,0,0,0,38,0,13,0,0,0,0,0,0,0
PD43336a,1263,0,1729,737,817,0,0,0,0,0,0,0,0,0,566,0,0,0,0,0,21,0,0,0,0,0,0,0,0,0,0,0,36,0,32,0,0,30,0,0,0,0
PD43337a,23402,0,0,0,0,0,0,0,0,0,0,0,0,0,0,0,0,0,0,0,85,56,0,0,0,152,0,280,646,0,0,399,121,0,0,0,0,78,0,49,0,0
PD43338a,1572,1539,0,0,1126,0,0,0,0,0,0,0,0,0,0,0,0,0,0,0,0,0,0,0,0,137,0,0,0,0,0,0,27,0,0,23,0,0,0,0,0,57
PD43339a,2862,3028,3855,0,1235,0,0,0,0,0,0,0,0,0,0,0,0,0,0,0,0,0,0,28,0,184,505,0,0,0,0,0,56,25,0,0,0,30,0,0,0,47
PD43340a,0,1732,0,0,0,0,0,0,5344,0,0,0,0,2445,0,0,0,0,0,1860,0,155,0,0,124,232,0,506,0,0,0,0,51,0,24,0,0,26,0,23,0,0
PD43341a,1761,811,0,0,1297,3034,0,0,0,0,0,0,0,0,0,0,0,0,0,0,0,0,0,0,324,122,0,262,0,0,0,0,61,0,40,0,0,28,0,0,87,0
PD43342a,0,784,2438,0,1420,0,0,0,0,0,0,0,0,0,0,0,0,0,0,0,23,0,0,0,321,231,478,0,0,0,0,0,86,30,36,46,0,0,0,39,0,0
PD43343a,1475,1987,0,1885,1266,0,0,1837,0,0,0,0,0,0,0,0,0,0,0,0,0,0,0,0,0,635,0,0,0,0,0,0,66,20,0,0,0,0,0,0,29,0
PD43344a,2563,2706,0,0,2623,0,0,0,0,0,0,0,0,0,0,0,0,0,0,0,0,0,0,0,0,182,0,0,0,0,0,0,114,86,0,0,0,0,178,0,0,118
PD43345a,870,0,0,0,753,0,0,0,0,0,0,0,0,0,0,0,0,0,0,0,0,0,0,0,0,118,0,93,0,0,0,0,0,77,0,69,0,0,79,0,0,58
PD43346a,1321,1094,4262,0,2468,0,0,0,0,0,0,0,0,0,0,0,0,0,0,0,57,0,0,0,383,439,573,0,0,0,0,0,188,146,0,0,0,66,0,0,0,0
PD43347a,0,0,0,0,1332,0,0,0,0,0,0,1577,0,0,0,0,0,0,0,0,20,0,0,0,0,126,0,0,0,0,0,0,62,85,159,0,0,0,0,120,106,0
PD43348a,5082,2654,0,0,1676,0,0,0,0,0,0,0,0,0,0,0,0,0,0,0,0,0,0,0,238,364,0,0,0,0,0,0,3,0,0,0,0,0,0,0,0,0
PD43349a,1287,943,3279,0,944,0,0,0,0,0,0,0,0,0,0,0,0,0,0,0,0,0,0,0,0,120,0,0,0,113,0,0,55,0,45,26,0,0,0,0,0,0
PD43350a,637,576,0,1962,1155,0,0,1053,0,0,0,967,0,0,0,0,0,0,0,0,0,0,10,0,0,485,0,0,0,0,0,0,38,0,0,0,24,0,0,0,0,0
PD43351a,3065,938,0,0,858,0,0,960,0,0,0,0,0,0,0,0,0,0,0,0,0,0,0,0,0,143,0,0,0,0,0,0,39,0,0,0,0,0,0,0,92,0
PD43352a,2478,891,4580,1351,1088,0,0,0,0,0,0,1751,0,0,0,0,0,0,0,0,0,0,0,0,0,309,0,0,0,0,0,0,123,43,0,0,52,0,0,0,0,0
PD43353a,3943,2782,0,0,971,0,0,0,0,0,0,0,0,2018,0,0,0,0,0,0,0,0,0,0,0,215,0,117,0,0,0,0,40,0,14,0,0,0,0,0,0,0
PD43354a,1557,965,0,831,1121,0,0,1200,0,0,0,1210,0,0,499,0,0,0,0,0,0,0,0,0,0,228,0,0,0,0,0,0,41,0,0,0,0,0,0,26,34,0
PD43355a,2040,887,3491,0,1593,0,0,0,0,0,0,0,0,0,0,1520,0,0,0,0,0,0,0,0,0,227,0,0,422,0,0,154,91,0,47,57,0,88,0,0,0,0
PD43356a,1475,630,0,0,1153,0,0,0,0,0,0,1461,0,0,0,0,0,0,0,0,0,0,0,0,0,92,207,171,0,0,0,0,34,0,50,0,63,0,47,0,0,0
PD43357a,22307,0,0,0,0,0,0,0,0,0,0,0,0,0,0,0,0,0,0,0,0,0,0,33,0,154,0,173,0,0,0,127,63,0,77,0,0,0,0,35,0,0
PD43358a,1578,1069,0,1136,782,0,0,0,0,0,0,0,0,0,0,0,0,0,0,0,0,0,0,0,0,167,0,0,0,0,0,0,20,17,0,0,0,0,0,0,0,0
PD43359a,20625,14234,0,0,0,0,0,0,0,10738,0,0,0,0,0,0,0,0,0,0,0,30,0,52,236,100,0,285,0,0,0,0,70,36,59,41,0,44,0,34,37,0
PD43360a,0,648,0,1171,639,0,0,0,0,0,0,0,0,0,0,0,0,0,0,0,0,0,0,0,0,245,0,0,0,0,0,0,16,0,0,0,0,0,23,0,0,0
PD43361a,2718,2496,0,1465,1736,0,0,0,0,0,0,0,0,0,0,0,0,0,0,0,0,0,0,0,0,409,0,0,0,0,0,0,0,32,0,0,0,0,58,40,0,108
PD43362a,2652,0,0,0,0,4673,0,0,3264,0,0,0,0,2075,0,0,0,0,0,0,57,29,0,0,186,106,0,0,629,0,0,0,83,0,0,0,0,80,0,84,0,0
PD43363a,6290,1747,0,2433,0,7423,0,0,0,0,0,0,0,0,0,0,0,0,0,0,136,34,46,0,0,256,0,0,2114,0,0,0,118,0,0,0,56,113,0,0,0,0
PD43364a,848,1110,0,2035,769,0,0,1323,0,0,0,0,0,0,1284,0,0,0,0,0,47,0,0,0,0,363,0,0,0,0,0,0,23,20,32,0,0,27,0,0,0,0
PD43365a,0,570,0,1044,1954,0,0,0,0,0,0,0,0,0,0,0,0,0,0,681,0,0,0,0,0,413,0,0,0,0,0,0,155,36,0,0,42,0,0,0,0,0
PD43366a,2003,591,0,0,1492,0,0,0,0,0,0,0,0,0,1767,0,0,0,0,0,0,0,13,0,563,226,453,0,0,0,0,0,68,37,38,38,39,0,0,0,37,0
PD43367a,0,1053,1832,1205,1345,0,0,0,0,0,0,0,0,0,0,0,0,0,0,0,0,0,0,0,0,234,0,0,0,0,0,0,69,0,0,52,0,0,0,0,0,0
PD43368a,2360,793,0,0,0,5750,0,0,0,0,0,0,0,3326,0,0,0,0,0,0,0,21,0,0,0,0,0,169,434,0,0,0,97,0,36,0,0,73,0,51,0,0
PD43369a,7154,5090,0,0,0,0,0,0,0,0,0,0,0,0,1439,0,0,0,0,0,0,0,12,0,312,181,0,0,0,0,0,241,168,48,0,0,0,0,0,0,37,0
PD43370a,1471,0,0,0,0,0,0,0,0,0,0,0,0,0,0,0,0,0,11370,0,15,0,0,0,0,138,0,103,0,0,0,0,0,109,0,0,0,0,79,0,0,0
PD43371a,0,0,1665,1226,1178,0,1248,0,0,0,0,1207,0,0,0,0,0,0,0,0,0,0,0,0,0,269,0,0,0,0,0,0,48,0,0,0,0,0,0,0,0,52
PD43372a,4886,4895,0,2533,0,0,4665,0,0,0,0,0,0,0,4075,0,0,0,0,0,95,56,36,0,0,390,0,0,0,0,0,389,176,82,174,0,0,0,124,127,57,0
PD43373a,678,755,0,0,940,0,0,0,0,0,0,0,0,0,0,0,0,0,0,0,0,0,0,0,0,100,0,0,0,0,0,0,59,38,28,33,0,0,0,0,0,0
PD43374a,2777,936,3864,1518,1018,0,0,0,0,0,0,0,0,0,0,0,0,0,0,0,35,0,0,0,0,251,0,0,91,0,0,0,102,62,36,63,0,0,69,0,0,0
PD43777a,15322,3043,0,0,1692,0,0,0,0,0,0,0,0,0,0,0,0,0,0,0,0,0,0,27,0,114,187,0,0,0,0,0,9,0,11,0,0,0,0,0,0,0
PD43779a,3072,2790,5524,0,2172,0,0,0,0,0,0,0,0,0,0,0,0,0,0,0,38,38,0,0,392,410,754,0,0,0,0,0,48,0,52,0,34,0,79,0,0,0
PD43780a,1473,1106,0,1422,1745,0,2090,0,0,0,0,1462,0,0,0,0,0,0,0,0,0,0,0,0,0,436,0,0,0,0,0,0,130,74,0,0,0,0,0,0,0,0
PD43782a,0,0,0,1357,811,0,0,0,0,0,0,0,0,0,0,0,0,0,0,0,0,0,0,0,0,238,420,0,0,0,0,0,169,68,0,0,146,0,0,0,0,148
PD43783a,0,802,0,2715,1526,0,0,1466,0,0,0,0,2285,0,0,0,0,0,0,0,27,0,0,0,0,461,501,0,0,0,0,0,0,0,51,0,0,0,94,0,0,68
PD43785a,1529,781,0,1340,1619,0,0,0,0,0,0,0,0,0,0,0,0,0,0,0,0,0,0,0,0,188,0,0,0,0,0,0,42,24,0,67,0,0,0,46,0,0
PD43786a,7232,1620,6492,0,1733,0,0,0,0,0,0,0,0,0,0,0,0,0,0,0,0,0,0,22,0,78,0,0,0,0,0,0,59,0,86,0,0,0,0,0,0,0
PD43787a,1320,2130,2123,2036,2059,0,0,0,0,0,0,0,0,0,0,0,0,0,0,0,0,14,12,0,0,364,0,0,0,0,0,0,35,0,0,0,0,0,0,0,0,0
PD43789a,0,617,0,1286,1632,0,0,0,0,0,0,0,0,0,0,0,0,0,0,0,0,16,0,0,0,366,469,0,0,0,0,0,136,214,0,0,0,0,0,0,0,0
PD43790a,0,451,0,1424,767,0,0,1002,0,0,0,0,0,0,0,0,0,0,0,0,23,0,0,0,0,216,0,0,0,0,0,0,44,0,0,45,0,0,0,31,0,0
PD43791a,2498,2261,0,0,0,0,0,0,0,0,33614,0,0,0,0,0,0,6335,0,0,0,0,0,25,58226,4488,0,0,0,0,0,0,40,34,38,0,0,0,0,0,0,0
PD43792a,1119,0,0,0,578,0,0,0,0,0,0,0,0,0,0,0,0,0,0,0,0,12,0,0,0,139,0,0,0,0,0,0,39,0,0,0,0,0,0,0,26,0
PD43793a,0,0,1678,1048,719,0,0,0,0,0,0,1995,0,1255,0,0,0,0,0,0,0,0,0,0,0,113,0,0,0,0,0,0,18,0,20,38,28,0,0,0,0,0
PD43795a,9440,4245,0,0,0,0,0,0,0,3890,0,0,0,0,0,0,0,0,0,0,0,20,0,55,0,218,411,217,95,0,0,0,146,144,44,0,0,0,0,0,41,0
PD43796a,0,0,0,724,1678,0,0,0,0,0,0,0,0,0,0,0,0,0,0,0,0,0,0,0,0,344,284,0,0,0,0,0,183,235,0,0,0,0,0,0,0,0
PD43798a,0,687,0,1306,1954,0,0,1034,0,0,0,0,1626,0,0,0,0,0,0,0,0,0,0,0,0,883,978,0,0,0,0,0,91,30,0,0,0,0,0,0,0,0
PD43800a,2275,1108,0,1576,1092,0,0,0,0,0,0,0,0,0,0,0,0,0,0,0,0,0,0,0,0,172,0,0,0,0,0,0,72,33,0,0,0,0,0,62,29,0
PD43802a,8326,4954,0,0,0,8643,0,0,0,0,0,0,0,0,0,0,0,0,0,0,74,49,0,0,0,0,0,317,272,0,0,0,33,0,0,0,0,0,0,114,40,0
PD43803a,0,219,0,633,610,0,0,608,0,0,0,0,0,0,0,0,0,0,0,0,0,0,0,0,0,104,0,74,0,0,0,0,11,0,0,0,0,0,0,0,0,0
PD43806a,3443,0,0,1221,0,5492,0,0,0,0,0,0,0,0,0,0,0,0,0,0,55,30,0,0,0,187,0,0,1341,0,0,0,59,0,39,0,63,115,0,0,0,0
PD43807a,0,0,1194,0,0,0,0,0,0,0,0,0,0,0,0,0,0,0,387,0,0,9,0,0,0,98,0,0,0,0,0,0,35,0,0,0,0,0,0,0,20,0
PD43809a,2236,668,0,1233,0,5629,0,0,0,1120,0,0,0,0,0,0,0,0,0,0,75,29,0,0,0,133,0,189,0,0,0,0,64,26,79,0,0,105,0,0,0,0
PD43810a,2568,2982,0,1680,0,0,0,0,6025,0,0,0,0,2375,0,0,0,0,0,1146,0,66,0,0,238,447,0,404,0,0,0,0,56,0,26,0,0,0,0,0,0,0
PD43811a,0,0,0,0,0,0,0,0,0,0,15403,7271,0,0,0,0,0,3741,0,0,0,0,0,0,38641,5596,0,0,0,0,0,0,18,0,0,0,0,0,0,0,0,0
PD43812a,0,639,3291,1993,1852,0,2428,0,0,0,0,0,0,0,0,0,0,0,0,1590,0,17,0,0,0,315,408,0,0,0,0,0,55,68,0,82,55,0,0,0,0,0
PD43813a,0,420,0,882,894,0,0,0,0,0,0,0,1481,0,0,0,0,0,483,0,13,0,0,0,278,613,0,0,0,0,0,0,124,0,0,0,0,0,0,0,0,0
PD43815a,0,0,3997,2069,0,0,0,0,0,0,0,0,0,0,699,0,0,0,0,0,0,0,12,0,0,438,0,0,0,0,0,0,150,80,0,0,0,0,146,0,0,0
PD43816a,0,0,3775,0,0,0,0,0,0,0,0,0,0,0,2713,0,1730,0,0,1853,0,0,44,0,243,225,0,0,0,155,0,0,220,44,50,0,0,0,0,45,0,0
PD43817a,0,0,3053,0,887,0,0,0,0,0,0,0,0,0,0,0,0,0,0,0,0,16,0,0,0,166,0,0,0,0,0,0,37,0,52,0,0,0,0,0,0,0
PD43818a,0,0,2467,0,615,0,0,1116,0,0,0,0,0,0,0,0,767,0,530,0,0,14,14,0,0,282,0,0,97,144,0,0,70,36,0,0,0,0,0,32,0,0
PD43819a,1664,1854,0,1758,0,0,0,0,0,1113,0,0,0,0,0,0,0,0,0,0,0,0,0,0,0,608,0,0,0,0,0,0,54,67,0,0,0,0,0,22,0,0
PD44659a,0,0,2139,0,874,0,0,0,0,0,0,0,0,0,0,0,0,0,0,0,0,0,0,0,0,120,0,0,0,0,0,0,48,0,0,30,0,0,0,0,0,0
PD44660a,3083,2499,4274,0,2083,0,0,0,0,0,0,2886,0,0,2195,0,0,0,0,0,0,20,0,0,631,510,0,0,0,0,0,0,90,46,38,54,59,0,0,0,0,0
PD44661a,4042,2256,0,0,1750,0,0,0,0,1491,0,0,0,0,0,0,0,0,0,0,0,0,14,0,385,380,0,0,367,0,0,0,138,51,0,52,0,55,0,0,40,0
PD44662a,0,402,0,970,1630,0,0,0,0,0,0,0,0,0,0,0,0,0,0,0,0,0,13,0,0,204,0,0,0,0,0,0,78,33,31,42,0,60,0,0,0,0
PD44663a,1322,0,3744,2369,2130,0,0,0,0,0,0,0,0,0,0,0,0,0,0,0,35,0,0,0,326,402,0,0,0,0,0,0,146,129,0,0,0,0,0,0,0,0
PD44664a,9600,3049,0,0,0,0,0,0,0,0,0,0,0,0,0,0,0,0,0,0,0,0,0,0,0,246,0,0,0,0,0,0,143,41,0,53,0,0,0,0,39,0
PD44665a,1004,936,2862,1400,1013,0,0,0,0,0,0,0,0,0,0,0,1017,0,0,0,0,19,36,0,0,226,0,0,102,132,0,0,202,118,87,0,0,46,0,0,0,0
PD44666a,0,766,0,1204,1316,0,0,816,0,0,0,0,0,0,0,0,794,0,0,0,0,0,0,0,0,252,167,0,0,0,0,0,83,0,38,0,0,0,92,0,61,0
PD44668a,0,418,0,705,715,0,0,920,0,0,0,975,0,0,0,0,0,0,0,0,0,0,0,0,0,148,0,0,0,0,0,0,82,0,48,0,71,0,0,0,0,0
PD44669a,0,714,4371,1772,0,0,0,0,5924,0,0,0,0,2053,0,0,0,0,0,0,0,148,27,0,151,365,0,537,0,0,0,0,0,0,0,0,0,0,0,0,0,0
PD44670a,0,289,0,1511,550,0,0,0,0,0,0,0,0,0,804,0,0,0,0,0,0,0,0,0,0,137,0,0,0,0,0,0,0,0,0,0,0,0,0,0,0,0
PD44671a,699,830,0,1323,0,0,0,0,1967,0,0,0,0,0,0,0,0,0,0,0,0,20,0,0,149,99,0,143,0,0,0,0,90,0,0,0,0,35,0,0,0,0
PD44672a,0,0,0,0,0,0,0,0,0,0,0,0,564,0,376,0,368,0,0,0,0,0,0,0,0,84,0,0,0,0,0,0,30,0,0,0,0,0,0,0,0,0
PD44674a,0,1640,0,3339,2339,0,0,1812,0,0,0,0,0,0,0,0,0,0,0,0,25,0,0,0,0,572,652,0,0,0,0,0,98,45,0,0,0,0,0,0,0,0
PD44675a,0,526,2263,1183,1282,0,0,0,0,0,0,0,0,0,0,0,0,0,0,0,27,0,0,0,0,305,0,0,0,0,0,0,268,121,0,0,0,0,0,0,0,0
PD44676a,0,402,0,824,676,0,0,0,0,0,0,0,0,0,0,0,563,0,0,0,0,0,0,0,0,155,0,0,0,0,0,0,42,0,0,0,0,0,0,0,0,0
PD44678a,412,0,0,0,0,0,0,0,0,0,0,0,0,0,0,0,0,0,0,0,0,0,0,0,0,42,0,0,0,0,0,0,20,0,0,0,0,0,0,0,0,0
PD44679a,831,0,0,0,0,0,0,0,1100,0,0,0,0,0,0,0,0,0,0,0,0,16,0,0,41,82,0,99,0,0,0,0,41,0,0,0,34,0,34,0,27,0
PD44681a,743,0,0,0,725,0,0,0,0,0,0,0,0,0,0,0,0,0,0,0,0,0,0,0,0,109,0,0,0,0,0,0,74,0,0,0,0,0,0,0,185,0
PD44682a,0,728,0,2456,971,0,0,0,0,0,0,0,0,1669,0,0,0,0,0,854,20,0,0,0,0,468,0,0,0,0,0,0,190,94,0,0,0,0,0,0,0,0
PD44683a,677,0,2184,1573,0,0,0,0,0,0,0,0,0,0,455,0,0,0,0,0,0,0,0,0,0,261,0,0,0,0,0,0,98,49,53,54,0,0,101,50,46,0
PD44684a,2865,1469,0,1537,1043,0,0,0,0,1051,0,0,0,0,0,0,0,0,0,0,0,0,0,0,271,460,348,0,0,0,0,0,163,0,53,0,0,0,0,52,0,0
PD44685a,1305,1562,3791,2203,1849,0,2483,0,0,0,0,0,0,0,0,0,0,0,0,0,0,0,0,0,0,369,383,0,0,0,0,0,96,36,0,52,0,0,0,0,0,0
PD44686a,506,373,0,0,444,0,0,919,0,0,0,0,0,0,0,0,0,0,0,0,0,0,0,0,0,90,0,130,0,99,0,0,121,38,0,0,43,0,0,0,0,0
PD44687a,2398,2365,0,0,1456,0,5753,0,3966,0,0,0,0,0,0,1964,0,0,1283,0,50,0,0,0,343,402,0,427,0,0,0,0,46,0,42,60,0,0,0,0,0,0
PD44688a,5226,3193,0,0,0,0,0,0,0,2271,0,0,0,0,0,0,0,0,0,0,0,0,0,15,0,136,0,160,0,0,0,0,118,0,0,0,0,0,0,0,0,0
PD44689a,873,0,2493,0,0,0,0,0,0,0,0,0,0,0,0,0,1023,0,0,0,0,0,22,0,0,86,0,0,0,144,0,0,47,26,27,64,0,0,0,25,0,0
PD44690a,3424,1447,0,0,0,0,0,0,0,0,0,2184,0,0,1085,0,0,1219,0,1694,30,0,0,0,0,742,0,0,0,0,0,0,160,131,0,0,0,0,0,0,50,0
PD44754a,0,0,1591,1248,1772,0,0,0,0,0,0,0,0,0,0,0,0,0,0,0,0,0,0,0,0,195,216,0,0,0,0,0,0,0,34,0,56,0,0,0,39,54
PD44755a,4146,6527,0,1759,1370,0,0,0,0,2565,0,0,0,0,0,0,0,0,0,0,0,0,0,20,0,146,0,0,0,0,0,0,41,0,0,39,0,0,32,0,0,0
PD44756a,2647,0,0,0,0,3329,0,0,0,0,0,0,0,0,0,0,0,0,0,0,0,39,0,0,0,0,0,291,321,0,0,0,110,0,0,0,59,43,0,0,0,0
PD44757a,379,251,0,524,0,0,0,0,0,0,0,0,0,0,0,0,0,0,0,0,0,0,0,0,0,46,0,0,0,0,0,0,20,0,0,42,0,0,0,0,0,0
PD45472a,0,0,2562,1582,0,0,0,0,2715,0,0,1821,0,1509,794,0,0,0,0,0,0,25,15,0,280,173,0,0,122,0,0,0,125,37,41,0,0,69,0,70,101,0
PD45473a,0,0,0,1839,0,0,0,679,0,0,0,0,0,0,0,0,0,0,0,0,0,0,0,0,0,477,0,0,0,0,0,0,87,38,0,0,0,0,0,0,0,70
PD45474a,3921,1452,0,0,1271,0,0,0,0,1585,10002,0,0,5365,0,0,0,2109,0,0,0,0,0,0,16121,0,0,0,0,0,0,0,46,0,0,0,0,0,0,0,0,0
PD45475a,1062,0,0,0,285,0,0,0,0,0,0,0,0,0,0,0,0,0,0,0,0,0,0,0,0,48,0,57,0,0,0,0,34,0,0,29,0,0,0,0,0,0
PD45476a,0,0,0,0,239,0,0,0,0,0,0,0,0,0,0,0,0,0,0,0,0,0,0,0,0,42,0,0,0,0,0,0,19,0,0,12,0,0,0,0,0,0
PD45477a,1624,2627,0,1963,1321,0,0,0,0,0,0,0,0,0,0,0,0,0,0,0,0,0,0,0,855,538,0,0,0,0,0,0,54,0,0,49,0,0,50,38,69,0
PD45479a,0,0,0,748,324,0,0,0,0,0,0,0,0,0,0,0,0,0,0,0,0,0,0,0,0,59,0,0,0,0,0,0,46,0,0,0,0,0,34,0,0,0
PD45480a,2024,888,0,1171,0,0,0,0,4015,0,0,1700,0,1512,0,0,0,0,0,0,0,58,0,0,0,215,0,272,0,0,0,0,74,0,0,0,0,39,0,28,0,0
PD45481a,0,0,1962,1272,1015,0,0,0,0,0,0,0,0,0,0,0,0,0,0,0,28,18,0,0,0,324,0,0,0,0,0,0,185,37,0,0,0,0,0,0,0,0
PD45482a,2830,3155,0,1097,0,0,0,0,0,0,0,0,0,0,0,0,0,0,0,0,0,0,0,23,0,274,0,0,0,0,0,0,136,147,0,0,0,0,0,0,0,0
PD45483a,1734,1712,0,939,1762,0,0,0,0,0,0,0,0,0,0,0,0,0,0,0,0,0,0,0,0,261,248,0,0,0,0,0,56,23,0,47,0,0,70,0,0,0
PD45484a,0,0,1710,0,632,0,0,0,0,0,0,0,0,0,0,0,913,0,0,0,0,0,45,0,0,140,0,124,0,129,0,0,33,0,35,59,0,0,0,0,0,0
PD45485a,7017,4753,4068,0,1366,0,0,0,0,2509,0,0,0,0,0,0,0,0,0,0,0,0,0,24,0,323,438,0,0,0,0,0,52,0,0,0,0,29,0,0,0,0
PD45486a,563,0,0,0,0,0,0,0,0,0,0,0,0,0,0,0,1084,0,0,0,0,0,22,0,0,211,0,175,0,150,0,0,41,0,0,0,0,0,0,0,37,0
PD45487a,896,0,2754,1458,0,2976,0,1191,0,0,0,0,0,0,0,0,998,0,0,0,45,0,23,0,0,57,0,0,109,108,0,0,47,0,46,0,0,0,0,0,0,0
PD45488a,0,313,0,739,0,0,0,0,0,0,0,0,0,0,0,0,874,0,0,0,0,0,17,0,0,104,0,0,0,0,0,0,38,0,0,0,0,0,0,0,0,0
PD45489a,1072,576,0,919,584,0,0,1289,0,0,0,0,0,0,0,0,0,0,0,0,0,0,52,0,0,309,315,0,664,157,0,0,168,0,65,0,62,91,90,0,0,0
PD45490a,0,0,0,1059,627,0,0,0,0,0,0,0,0,0,0,0,809,0,0,0,0,14,26,0,0,178,0,145,70,100,0,0,117,21,34,0,0,0,0,0,0,0
PD45491a,618,797,0,0,0,0,0,859,0,0,0,0,0,0,0,0,0,0,0,0,0,9,0,0,100,164,0,0,0,184,0,0,116,0,0,0,0,0,0,0,0,0
PD45492a,2577,2788,0,1685,0,0,0,0,0,0,0,0,0,0,0,0,1371,0,0,0,0,0,20,0,0,242,0,0,0,208,0,0,74,77,0,0,0,0,0,45,31,0
PD45493a,999,886,0,0,1892,0,2260,0,0,0,0,0,0,0,1423,0,0,0,0,0,0,18,0,0,345,481,0,0,0,0,0,0,27,28,40,0,0,0,132,0,0,0
PD45494a,0,0,3100,3088,0,0,0,2219,0,0,0,0,0,0,0,0,0,0,0,0,0,20,30,0,0,814,0,0,0,0,0,0,329,368,0,0,0,0,0,0,0,0
PD45495a,0,0,0,0,0,0,0,0,0,0,0,0,0,0,0,0,1301,0,0,0,0,0,50,0,0,305,0,0,0,204,0,0,146,86,93,101,88,0,0,107,0,0
PD45496a,0,0,0,0,367,0,0,0,0,0,0,0,0,0,0,0,872,0,0,0,0,10,0,0,0,44,0,91,64,78,0,0,0,0,0,0,0,0,0,0,0,0
PD45497a,0,654,0,1061,1217,0,0,0,0,0,0,0,0,0,0,0,0,0,0,0,0,0,0,0,0,192,0,0,0,0,0,0,58,0,0,0,0,0,0,0,0,0
PD45498a,946,475,0,1108,755,0,0,0,0,0,0,0,0,0,0,0,0,0,0,0,9,0,0,0,0,204,0,0,0,0,0,0,47,0,0,0,0,0,0,16,0,0
PD45499a,0,0,4415,0,1881,0,0,0,0,0,0,0,0,0,0,0,0,0,0,0,0,17,17,0,0,579,0,0,0,0,0,0,90,0,0,0,0,0,47,0,0,0
PD45502a,0,414,0,782,804,0,0,0,0,0,0,0,0,0,0,0,0,0,0,0,14,0,0,0,0,254,0,0,0,0,0,0,100,0,107,0,0,0,0,0,0,0
PD45503a,0,0,0,0,587,0,0,0,0,0,0,0,0,0,0,0,943,0,0,0,27,0,12,0,0,108,0,0,0,129,0,0,54,0,25,45,0,27,0,0,0,0
PD46987a,992,0,0,1006,971,1620,0,1012,0,0,0,999,0,0,0,0,0,0,0,0,22,19,0,0,0,235,355,0,0,0,0,0,0,0,0,0,52,0,257,0,0,0
PD46988a,560,395,1835,0,1742,0,0,0,0,0,0,0,0,0,0,0,0,0,0,0,0,9,0,0,0,196,273,0,0,0,0,0,67,0,0,0,0,0,0,0,0,0
PD46989a,1941,2212,4478,0,0,3415,0,0,0,0,0,0,0,0,0,0,0,0,0,0,0,27,0,47,579,275,0,0,0,0,0,0,123,39,0,0,0,36,0,0,0,0
PD46990a,5318,2029,3795,1932,1135,0,0,0,0,0,0,0,0,0,0,0,0,0,0,0,0,0,0,0,296,187,0,0,0,0,0,0,68,40,0,56,0,0,0,0,0,0
PD46991a,3057,951,0,1537,0,6830,0,0,0,0,2441,0,0,0,0,0,0,0,0,0,0,66,0,0,220,457,0,0,1548,0,0,0,159,71,114,0,93,158,0,0,0,0
PD46992a,0,0,0,1760,1435,0,0,904,0,0,0,998,0,0,0,0,0,0,0,0,0,0,0,0,0,534,0,0,0,0,0,0,79,0,0,0,46,37,0,0,55,0
PD46993a,2296,4919,0,1784,0,0,0,0,0,0,0,0,0,0,1091,0,0,0,0,0,0,0,0,0,0,513,724,0,0,0,0,0,11,0,0,0,0,0,0,0,0,0
PD46994a,1342,837,0,1322,0,0,0,0,0,0,0,0,1722,0,736,0,0,0,0,0,0,0,0,0,673,458,0,0,0,0,0,0,159,115,0,58,0,0,0,0,0,0
PD46996a,0,587,0,2570,489,0,0,0,0,0,0,0,0,0,0,0,0,0,0,0,0,0,0,0,0,187,0,0,0,0,0,0,68,53,0,0,0,0,0,0,0,0
PD46997a,8604,4118,0,0,0,0,0,0,0,0,0,0,0,0,1437,0,0,0,0,0,0,13,0,0,245,149,0,0,0,0,0,0,36,0,69,0,0,59,0,0,0,0
PD46998a,0,0,0,763,429,0,0,0,0,0,0,0,0,0,0,0,0,0,0,0,0,0,0,0,0,150,0,0,0,0,0,0,48,24,0,0,0,0,0,0,0,0
PD47000a,0,0,2218,1687,0,0,0,0,3086,0,0,0,0,1378,0,0,861,0,0,0,0,25,20,0,0,111,0,0,0,0,0,0,160,57,0,78,0,0,0,0,0,0
PD47001a,0,0,3624,1169,870,0,1825,0,0,0,0,0,0,0,0,0,0,0,0,0,0,25,24,0,0,251,0,218,0,0,0,0,4,0,0,0,0,0,0,0,0,0
PD47002a,0,0,711,682,499,0,0,0,0,0,0,0,0,0,0,0,0,0,0,0,0,0,0,0,0,93,0,0,0,0,0,0,52,0,0,0,36,0,0,0,37,0
PD47003a,0,628,0,1111,2280,0,0,0,0,0,0,0,0,0,1023,0,0,0,0,0,0,0,0,0,0,0,0,0,574,439,6545,0,130,0,0,0,158,48,0,0,0,0
PD47005a,1719,1915,0,1000,1353,0,0,0,2234,0,0,1355,0,0,0,0,0,0,0,0,0,22,15,0,177,108,0,206,0,0,0,0,59,29,0,0,0,0,0,0,0,0
PD47006a,0,0,0,1048,811,0,0,0,0,0,0,0,0,0,0,0,0,0,0,0,16,0,0,0,0,215,0,0,66,0,0,0,76,0,0,0,0,83,0,0,0,0
PD47007a,0,1011,0,1483,942,0,0,0,0,0,0,0,0,0,0,0,0,0,0,0,0,0,0,0,173,335,268,0,0,0,0,0,167,107,0,0,0,0,0,0,0,0
PD47008a,0,0,2360,0,0,0,0,0,0,0,0,0,0,0,883,0,1814,0,0,0,43,0,25,0,0,260,0,0,189,174,0,0,62,0,45,38,0,0,0,57,0,0
PD47010a,7033,7550,0,0,0,0,0,0,0,2908,0,0,0,0,0,0,0,0,0,0,0,0,0,25,0,365,0,0,0,0,0,0,59,0,0,0,0,0,0,0,0,0
PD47011a,0,0,2528,0,1151,0,0,0,0,0,0,1175,0,0,0,0,0,0,0,0,0,18,0,0,175,213,0,197,0,0,0,0,84,0,0,45,0,0,0,0,0,0
PD47012a,0,0,2467,0,813,0,2139,0,0,0,0,0,0,0,0,0,0,0,0,0,19,20,0,0,0,92,0,159,58,0,0,0,78,28,0,0,0,32,0,0,0,0
PD47013a,5488,2245,0,0,917,0,0,0,0,0,0,0,0,0,0,0,0,0,0,0,0,0,0,20,0,265,0,0,0,0,0,0,140,33,0,0,0,0,0,0,44,0
PD47015a,0,0,5002,0,0,0,0,0,0,0,0,0,0,0,0,0,0,0,0,0,0,47,47,43,0,0,0,232,73,147,0,0,106,0,0,0,0,52,0,0,0,0
PD47021a,2583,1195,2756,0,0,0,0,0,0,0,0,0,0,0,0,3460,0,0,0,0,0,0,21,0,0,78,0,0,97,134,0,181,40,0,0,0,0,44,0,25,41,0
PD47022a,0,0,1342,782,0,0,0,0,0,0,0,0,0,0,0,0,0,0,0,0,0,17,0,0,0,73,0,108,0,0,0,0,40,0,0,28,0,21,0,40,0,0
PD47023a,0,0,0,675,360,0,0,0,0,0,0,0,0,0,0,0,1152,0,0,0,0,0,24,0,38,63,0,0,0,229,0,0,43,0,0,33,0,0,0,0,0,0
PD47024a,2130,2898,0,0,1121,0,0,0,0,0,0,0,0,0,0,0,1255,0,0,0,0,0,34,0,0,346,0,0,0,203,0,0,71,0,0,56,0,0,0,0,0,0
PD47025a,4530,2610,0,0,0,0,0,0,0,0,0,0,0,0,1009,0,0,0,0,0,0,0,34,25,566,379,0,300,0,0,0,0,81,25,0,0,0,62,0,59,0,0
PD47026a,4203,2758,0,0,0,0,0,2034,0,0,0,0,0,0,0,0,0,0,0,0,0,0,20,0,0,240,0,0,0,144,0,0,69,0,46,93,0,0,0,0,36,0
PD47027a,3353,4681,0,0,0,0,0,0,0,2134,0,0,0,0,0,0,0,0,0,0,0,17,0,24,0,120,0,0,0,0,0,0,90,28,25,0,37,0,0,0,0,0
PD47028a,0,0,2574,0,0,0,0,0,0,0,0,0,0,0,0,0,955,0,0,0,0,0,41,0,0,0,299,0,87,103,0,0,72,0,73,59,0,0,0,41,0,0
PD47031a,2105,1323,0,0,0,0,0,0,0,0,0,0,0,0,0,0,1192,0,0,0,0,0,18,0,0,80,0,0,0,86,0,0,15,0,21,0,0,35,0,0,0,0
PD47033a,3690,2782,0,0,0,0,0,0,0,2880,0,0,0,0,0,0,0,0,0,0,0,0,40,0,0,132,312,190,84,0,0,0,118,0,32,0,0,0,0,0,0,0
PD47034a,0,0,4051,2448,0,0,0,0,0,0,0,0,0,0,0,0,0,0,0,0,34,0,19,0,0,162,0,0,154,275,0,0,90,45,59,0,0,89,0,50,0,0
PD47035a,0,501,0,0,785,0,0,0,0,0,0,0,1455,0,0,0,1524,0,0,0,26,0,17,0,0,326,0,0,0,212,0,0,118,21,28,0,0,0,0,0,0,0
PD47036a,1364,0,0,1173,0,0,0,0,2976,0,0,0,0,0,0,0,1339,0,0,0,0,34,53,0,137,133,0,146,0,133,0,0,63,0,58,41,0,0,0,0,0,0
PD47038a,0,0,3670,0,0,0,0,0,0,0,0,0,0,0,0,0,0,0,0,0,51,41,25,0,0,224,0,280,0,169,0,0,115,0,39,0,0,48,0,0,0,0
PD47265a,0,470,0,1900,730,0,0,940,0,0,0,0,0,0,0,0,0,0,0,0,0,0,0,0,0,233,0,0,0,0,0,0,48,0,19,0,0,0,0,0,0,0
PD47266a,0,2219,0,869,1134,0,0,838,0,0,0,0,0,0,0,0,0,0,0,0,0,0,0,0,0,207,0,0,0,0,0,0,11,0,0,0,0,16,0,0,0,0
PD47267a,2421,4232,3371,0,1201,0,0,0,0,1546,0,0,0,0,0,0,0,0,0,0,0,14,0,0,268,180,0,0,0,0,0,0,95,74,40,0,0,0,0,0,0,0
